epoch,step,train/acc_macro,train/f1_macro,train/loss_epoch,train/loss_step,val/acc_macro,val/f1_macro,val/loss
0,4,,,,1.4755754470825195,,,
0,9,,,,1.3814467191696167,,,
0,14,,,,1.5717132091522217,,,
0,19,,,,1.3617957830429077,,,
0,24,,,,1.323191523551941,,,
0,29,,,,1.3126592636108398,,,
0,34,,,,1.358738660812378,,,
0,39,,,,1.3082467317581177,,,
0,44,,,,1.3516128063201904,,,
0,49,,,,1.3737173080444336,,,
0,54,,,,1.3591951131820679,,,
0,59,,,,1.3147602081298828,,,
0,64,,,,1.4055947065353394,,,
0,69,,,,1.2035720348358154,,,
0,74,,,,1.3097556829452515,,,
0,79,,,,1.2259893417358398,,,
0,84,,,,1.2568070888519287,,,
0,89,,,,1.4164336919784546,,,
0,94,,,,1.3965014219284058,,,
0,99,,,,1.3848438262939453,,,
0,104,,,,1.162608027458191,,,
0,109,,,,1.3249565362930298,,,
0,114,,,,1.245294451713562,,,
0,119,,,,1.2629926204681396,,,
0,124,,,,1.3521020412445068,,,
0,129,,,,1.3423914909362793,,,
0,134,,,,1.331968069076538,,,
0,139,,,,1.2455246448516846,,,
0,144,,,,1.2231477499008179,,,
0,149,,,,1.2486437559127808,,,
0,154,,,,1.2249369621276855,,,
0,159,,,,1.2326176166534424,,,
0,164,,,,1.3341935873031616,,,
0,169,,,,1.2211065292358398,,,
0,174,,,,1.279075264930725,,,
0,179,,,,1.389890432357788,,,
0,184,,,,1.2027053833007812,,,
0,189,,,,1.3680957555770874,,,
0,194,,,,1.2435302734375,,,
0,199,,,,1.2813241481781006,,,
0,204,,,,1.2261972427368164,,,
0,209,,,,1.1728193759918213,,,
0,214,,,,1.4378998279571533,,,
0,219,,,,1.2706438302993774,,,
0,224,,,,1.1914899349212646,,,
0,229,,,,1.2907564640045166,,,
0,234,,,,1.4224570989608765,,,
0,239,,,,1.4665946960449219,,,
0,244,,,,1.3070094585418701,,,
0,249,,,,1.0968703031539917,,,
0,254,,,,1.345923900604248,,,
0,259,,,,1.1960266828536987,,,
0,264,,,,1.232000470161438,,,
0,269,,,,1.2950334548950195,,,
0,274,,,,1.251805067062378,,,
0,279,,,,1.2454583644866943,,,
0,284,,,,1.3442519903182983,,,
0,289,,,,1.3958028554916382,,,
0,294,,,,1.289417028427124,,,
0,299,,,,1.1440963745117188,,,
0,304,,,,1.3987596035003662,,,
0,309,,,,1.2790324687957764,,,
0,314,,,,1.4128410816192627,,,
0,319,,,,1.2291754484176636,,,
0,324,,,,1.1921217441558838,,,
0,329,,,,1.3750183582305908,,,
0,334,,,,1.1086456775665283,,,
0,339,,,,1.2918651103973389,,,
0,344,,,,1.314896583557129,,,
0,349,,,,1.2218906879425049,,,
0,354,,,,1.290879487991333,,,
0,357,,,,,0.17451919615268707,0.10887972265481949,1.2369502782821655
0,357,0.17216722667217255,0.11019808053970337,1.3085039854049683,,,,
1,359,,,,1.2607979774475098,,,
1,364,,,,1.1794400215148926,,,
1,369,,,,1.1521868705749512,,,
1,374,,,,1.3051480054855347,,,
1,379,,,,1.1804929971694946,,,
1,384,,,,1.293992280960083,,,
1,389,,,,1.2334797382354736,,,
1,394,,,,1.2536612749099731,,,
1,399,,,,1.1239855289459229,,,
1,404,,,,1.3290010690689087,,,
1,409,,,,1.1270931959152222,,,
1,414,,,,1.1996819972991943,,,
1,419,,,,1.2377461194992065,,,
1,424,,,,1.1780599355697632,,,
1,429,,,,1.3819828033447266,,,
1,434,,,,1.311286449432373,,,
1,439,,,,1.375833511352539,,,
1,444,,,,1.247604250907898,,,
1,449,,,,1.1782333850860596,,,
1,454,,,,1.1857722997665405,,,
1,459,,,,1.1948851346969604,,,
1,464,,,,1.2453229427337646,,,
1,469,,,,1.2343324422836304,,,
1,474,,,,1.3409912586212158,,,
1,479,,,,1.3176984786987305,,,
1,484,,,,1.1850926876068115,,,
1,489,,,,1.3892793655395508,,,
1,494,,,,1.1906814575195312,,,
1,499,,,,1.2410988807678223,,,
1,504,,,,1.3956401348114014,,,
1,509,,,,1.4059092998504639,,,
1,514,,,,1.3222600221633911,,,
1,519,,,,1.4061750173568726,,,
1,524,,,,1.1925842761993408,,,
1,529,,,,1.204246997833252,,,
1,534,,,,1.3602899312973022,,,
1,539,,,,1.2914104461669922,,,
1,544,,,,1.180666208267212,,,
1,549,,,,1.1570219993591309,,,
1,554,,,,1.2320585250854492,,,
1,559,,,,1.2720704078674316,,,
1,564,,,,1.1966807842254639,,,
1,569,,,,1.2996834516525269,,,
1,574,,,,1.433511734008789,,,
1,579,,,,1.3133206367492676,,,
1,584,,,,1.2573933601379395,,,
1,589,,,,1.198486566543579,,,
1,594,,,,1.329410195350647,,,
1,599,,,,1.2748596668243408,,,
1,604,,,,1.2320592403411865,,,
1,609,,,,1.3033089637756348,,,
1,614,,,,1.2205947637557983,,,
1,619,,,,1.2855029106140137,,,
1,624,,,,1.1864721775054932,,,
1,629,,,,1.239366054534912,,,
1,634,,,,1.248412847518921,,,
1,639,,,,1.2862389087677002,,,
1,644,,,,1.3580220937728882,,,
1,649,,,,1.128912329673767,,,
1,654,,,,1.3707261085510254,,,
1,659,,,,1.218530535697937,,,
1,664,,,,1.1444814205169678,,,
1,669,,,,1.314681053161621,,,
1,674,,,,1.3033941984176636,,,
1,679,,,,1.3683574199676514,,,
1,684,,,,1.1925568580627441,,,
1,689,,,,1.2445992231369019,,,
1,694,,,,1.4159101247787476,,,
1,699,,,,1.2522846460342407,,,
1,704,,,,1.165651798248291,,,
1,709,,,,1.3041393756866455,,,
1,714,,,,1.3416203260421753,,,
1,715,,,,,0.17603784799575806,0.11334919184446335,1.2273340225219727
1,715,0.18319839239120483,0.12390189617872238,1.2413203716278076,,,,
2,719,,,,1.1067070960998535,,,
2,724,,,,1.1783545017242432,,,
2,729,,,,1.2845221757888794,,,
2,734,,,,1.253704309463501,,,
2,739,,,,1.0862754583358765,,,
2,744,,,,1.169891595840454,,,
2,749,,,,1.1934983730316162,,,
2,754,,,,1.189833402633667,,,
2,759,,,,1.2525839805603027,,,
2,764,,,,1.184354305267334,,,
2,769,,,,1.2877705097198486,,,
2,774,,,,1.097084403038025,,,
2,779,,,,1.126827597618103,,,
2,784,,,,1.2491978406906128,,,
2,789,,,,1.0860337018966675,,,
2,794,,,,1.2285475730895996,,,
2,799,,,,1.2494618892669678,,,
2,804,,,,1.1295065879821777,,,
2,809,,,,1.1634116172790527,,,
2,814,,,,1.1671544313430786,,,
2,819,,,,1.176824927330017,,,
2,824,,,,1.1597317457199097,,,
2,829,,,,1.111401081085205,,,
2,834,,,,1.1900384426116943,,,
2,839,,,,1.1765413284301758,,,
2,844,,,,1.1385918855667114,,,
2,849,,,,1.139775276184082,,,
2,854,,,,1.16188383102417,,,
2,859,,,,1.2211697101593018,,,
2,864,,,,1.2099764347076416,,,
2,869,,,,1.1663978099822998,,,
2,874,,,,1.119458556175232,,,
2,879,,,,1.231750249862671,,,
2,884,,,,1.2095915079116821,,,
2,889,,,,1.2494964599609375,,,
2,894,,,,1.2670485973358154,,,
2,899,,,,1.1527867317199707,,,
2,904,,,,0.9867972731590271,,,
2,909,,,,1.4232733249664307,,,
2,914,,,,1.1785378456115723,,,
2,919,,,,1.1335387229919434,,,
2,924,,,,1.0921478271484375,,,
2,929,,,,1.248333215713501,,,
2,934,,,,1.006091594696045,,,
2,939,,,,1.200160026550293,,,
2,944,,,,1.2721954584121704,,,
2,949,,,,1.0882033109664917,,,
2,954,,,,1.346549391746521,,,
2,959,,,,1.2428323030471802,,,
2,964,,,,1.137069821357727,,,
2,969,,,,1.1798498630523682,,,
2,974,,,,1.1932376623153687,,,
2,979,,,,1.1304024457931519,,,
2,984,,,,1.292884349822998,,,
2,989,,,,1.2643277645111084,,,
2,994,,,,1.0374430418014526,,,
2,999,,,,1.2167017459869385,,,
2,1004,,,,1.2399176359176636,,,
2,1009,,,,1.1525077819824219,,,
2,1014,,,,1.1101129055023193,,,
2,1019,,,,1.2309391498565674,,,
2,1024,,,,1.2126243114471436,,,
2,1029,,,,1.1940958499908447,,,
2,1034,,,,1.2006248235702515,,,
2,1039,,,,1.1472525596618652,,,
2,1044,,,,1.21087646484375,,,
2,1049,,,,1.1482758522033691,,,
2,1054,,,,1.2844409942626953,,,
2,1059,,,,1.2941129207611084,,,
2,1064,,,,1.1928081512451172,,,
2,1069,,,,1.203442096710205,,,
2,1073,,,,,0.19792388379573822,0.15779897570610046,1.2312740087509155
2,1073,0.22433783113956451,0.18942810595035553,1.1958892345428467,,,,
3,1074,,,,1.2784570455551147,,,
3,1079,,,,1.1345316171646118,,,
3,1084,,,,0.9557725787162781,,,
3,1089,,,,1.1120661497116089,,,
3,1094,,,,1.1479740142822266,,,
3,1099,,,,1.2089269161224365,,,
3,1104,,,,1.139885425567627,,,
3,1109,,,,1.0893051624298096,,,
3,1114,,,,1.0283615589141846,,,
3,1119,,,,1.2557021379470825,,,
3,1124,,,,1.1275591850280762,,,
3,1129,,,,1.040095329284668,,,
3,1134,,,,1.1168928146362305,,,
3,1139,,,,1.337681770324707,,,
3,1144,,,,1.1519074440002441,,,
3,1149,,,,1.212691068649292,,,
3,1154,,,,1.135373830795288,,,
3,1159,,,,1.171628475189209,,,
3,1164,,,,1.2269511222839355,,,
3,1169,,,,1.12568998336792,,,
3,1174,,,,1.0973033905029297,,,
3,1179,,,,0.9083950519561768,,,
3,1184,,,,0.9802843332290649,,,
3,1189,,,,1.0252330303192139,,,
3,1194,,,,1.1992650032043457,,,
3,1199,,,,1.1822893619537354,,,
3,1204,,,,1.1339988708496094,,,
3,1209,,,,0.8806683421134949,,,
3,1214,,,,1.1403297185897827,,,
3,1219,,,,1.2043955326080322,,,
3,1224,,,,1.1966110467910767,,,
3,1229,,,,1.2192991971969604,,,
3,1234,,,,1.1406211853027344,,,
3,1239,,,,1.1924909353256226,,,
3,1244,,,,1.1638258695602417,,,
3,1249,,,,1.242236852645874,,,
3,1254,,,,1.1265802383422852,,,
3,1259,,,,1.1421754360198975,,,
3,1264,,,,1.1100772619247437,,,
3,1269,,,,1.2566128969192505,,,
3,1274,,,,1.040393590927124,,,
3,1279,,,,1.0759820938110352,,,
3,1284,,,,1.0008445978164673,,,
3,1289,,,,1.1751322746276855,,,
3,1294,,,,1.1197035312652588,,,
3,1299,,,,1.1261842250823975,,,
3,1304,,,,1.1159111261367798,,,
3,1309,,,,1.0249824523925781,,,
3,1314,,,,1.286240577697754,,,
3,1319,,,,1.0044076442718506,,,
3,1324,,,,0.9425131678581238,,,
3,1329,,,,1.0753861665725708,,,
3,1334,,,,1.0898195505142212,,,
3,1339,,,,1.2162749767303467,,,
3,1344,,,,1.1623616218566895,,,
3,1349,,,,1.2295180559158325,,,
3,1354,,,,1.2698036432266235,,,
3,1359,,,,1.0205655097961426,,,
3,1364,,,,1.2396146059036255,,,
3,1369,,,,1.2332572937011719,,,
3,1374,,,,1.1303198337554932,,,
3,1379,,,,1.13608980178833,,,
3,1384,,,,1.0579442977905273,,,
3,1389,,,,1.1629290580749512,,,
3,1394,,,,0.9815065264701843,,,
3,1399,,,,1.0021151304244995,,,
3,1404,,,,1.1543973684310913,,,
3,1409,,,,1.0948843955993652,,,
3,1414,,,,1.3310292959213257,,,
3,1419,,,,1.2050049304962158,,,
3,1424,,,,1.1910068988800049,,,
3,1429,,,,1.2671738862991333,,,
3,1431,,,,,0.21358896791934967,0.18239140510559082,1.2209171056747437
3,1431,0.27863502502441406,0.2587658166885376,1.139085054397583,,,,
4,1434,,,,1.1700353622436523,,,
4,1439,,,,1.1234023571014404,,,
4,1444,,,,0.8799111247062683,,,
4,1449,,,,1.053675651550293,,,
4,1454,,,,1.0924606323242188,,,
4,1459,,,,0.8561382293701172,,,
4,1464,,,,1.1266957521438599,,,
4,1469,,,,1.0823705196380615,,,
4,1474,,,,1.0329055786132812,,,
4,1479,,,,0.9909660220146179,,,
4,1484,,,,1.0812525749206543,,,
4,1489,,,,1.0233962535858154,,,
4,1494,,,,1.1033216714859009,,,
4,1499,,,,1.1379917860031128,,,
4,1504,,,,1.0030912160873413,,,
4,1509,,,,1.1296181678771973,,,
4,1514,,,,1.0840396881103516,,,
4,1519,,,,1.1293872594833374,,,
4,1524,,,,0.9647233486175537,,,
4,1529,,,,1.1800007820129395,,,
4,1534,,,,0.9957977533340454,,,
4,1539,,,,1.0477159023284912,,,
4,1544,,,,1.1882261037826538,,,
4,1549,,,,0.9800626635551453,,,
4,1554,,,,0.9552439451217651,,,
4,1559,,,,1.07761812210083,,,
4,1564,,,,0.9322729110717773,,,
4,1569,,,,1.0339996814727783,,,
4,1574,,,,1.1722469329833984,,,
4,1579,,,,1.036989688873291,,,
4,1584,,,,1.1401077508926392,,,
4,1589,,,,1.2132573127746582,,,
4,1594,,,,1.188476800918579,,,
4,1599,,,,0.9857319593429565,,,
4,1604,,,,1.0629324913024902,,,
4,1609,,,,1.2355023622512817,,,
4,1614,,,,1.0831669569015503,,,
4,1619,,,,1.043524146080017,,,
4,1624,,,,1.141327142715454,,,
4,1629,,,,1.0115597248077393,,,
4,1634,,,,1.3059862852096558,,,
4,1639,,,,1.0045361518859863,,,
4,1644,,,,1.1007184982299805,,,
4,1649,,,,1.02533757686615,,,
4,1654,,,,1.1419587135314941,,,
4,1659,,,,1.2157962322235107,,,
4,1664,,,,1.1232582330703735,,,
4,1669,,,,0.9676946997642517,,,
4,1674,,,,0.9961807131767273,,,
4,1679,,,,1.186745047569275,,,
4,1684,,,,1.1930235624313354,,,
4,1689,,,,1.0915014743804932,,,
4,1694,,,,0.9437762498855591,,,
4,1699,,,,1.0630483627319336,,,
4,1704,,,,1.0780277252197266,,,
4,1709,,,,1.1870646476745605,,,
4,1714,,,,1.0518176555633545,,,
4,1719,,,,1.1327290534973145,,,
4,1724,,,,1.181020975112915,,,
4,1729,,,,0.9872485995292664,,,
4,1734,,,,1.160461187362671,,,
4,1739,,,,1.18418550491333,,,
4,1744,,,,1.2704863548278809,,,
4,1749,,,,1.2522375583648682,,,
4,1754,,,,1.1328753232955933,,,
4,1759,,,,1.2218388319015503,,,
4,1764,,,,1.1233675479888916,,,
4,1769,,,,1.1607375144958496,,,
4,1774,,,,1.0184614658355713,,,
4,1779,,,,0.8689979314804077,,,
4,1784,,,,1.0343945026397705,,,
4,1789,,,,1.2851731777191162,,,
4,1789,,,,,0.22065147757530212,0.194907546043396,1.23548424243927
4,1789,0.3284517824649811,0.31671857833862305,1.0832343101501465,,,,
5,1794,,,,1.0044716596603394,,,
5,1799,,,,1.0945978164672852,,,
5,1804,,,,0.8943184614181519,,,
5,1809,,,,0.8637282252311707,,,
5,1814,,,,1.0236124992370605,,,
5,1819,,,,1.2021000385284424,,,
5,1824,,,,0.977293848991394,,,
5,1829,,,,0.8741707801818848,,,
5,1834,,,,1.0326770544052124,,,
5,1839,,,,0.8862100839614868,,,
5,1844,,,,0.9026230573654175,,,
5,1849,,,,0.9646002650260925,,,
5,1854,,,,1.0145052671432495,,,
5,1859,,,,1.0767912864685059,,,
5,1864,,,,1.000770926475525,,,
5,1869,,,,1.0808143615722656,,,
5,1874,,,,0.9149823188781738,,,
5,1879,,,,0.9914282560348511,,,
5,1884,,,,0.9659532308578491,,,
5,1889,,,,0.8895134925842285,,,
5,1894,,,,0.9631056189537048,,,
5,1899,,,,1.0330408811569214,,,
5,1904,,,,0.9535555243492126,,,
5,1909,,,,1.1052544116973877,,,
5,1914,,,,1.0640618801116943,,,
5,1919,,,,0.9307191371917725,,,
5,1924,,,,0.9917707443237305,,,
5,1929,,,,1.2257418632507324,,,
5,1934,,,,1.1647391319274902,,,
5,1939,,,,0.8880263566970825,,,
5,1944,,,,1.0628737211227417,,,
5,1949,,,,0.9694833755493164,,,
5,1954,,,,1.0662145614624023,,,
5,1959,,,,1.167267084121704,,,
5,1964,,,,0.9565367698669434,,,
5,1969,,,,0.9730784296989441,,,
5,1974,,,,0.9829131364822388,,,
5,1979,,,,1.0581789016723633,,,
5,1984,,,,0.949811577796936,,,
5,1989,,,,1.018323302268982,,,
5,1994,,,,0.9136857986450195,,,
5,1999,,,,1.064829707145691,,,
5,2004,,,,1.1305900812149048,,,
5,2009,,,,0.9420675039291382,,,
5,2014,,,,0.9368648529052734,,,
5,2019,,,,1.17529296875,,,
5,2024,,,,1.0705382823944092,,,
5,2029,,,,1.1826616525650024,,,
5,2034,,,,0.8981386423110962,,,
5,2039,,,,1.12369966506958,,,
5,2044,,,,1.079882025718689,,,
5,2049,,,,1.0858558416366577,,,
5,2054,,,,0.9038022756576538,,,
5,2059,,,,1.121086597442627,,,
5,2064,,,,1.1249384880065918,,,
5,2069,,,,0.8909653425216675,,,
5,2074,,,,1.3160929679870605,,,
5,2079,,,,1.028981328010559,,,
5,2084,,,,0.9318985342979431,,,
5,2089,,,,1.023171305656433,,,
5,2094,,,,1.0800583362579346,,,
5,2099,,,,1.0056170225143433,,,
5,2104,,,,1.0018539428710938,,,
5,2109,,,,1.1542730331420898,,,
5,2114,,,,0.9745473861694336,,,
5,2119,,,,1.115347146987915,,,
5,2124,,,,0.8597695231437683,,,
5,2129,,,,1.1332764625549316,,,
5,2134,,,,0.9653374552726746,,,
5,2139,,,,1.1769938468933105,,,
5,2144,,,,1.0314655303955078,,,
5,2147,,,,,0.22907546162605286,0.20312100648880005,1.2633380889892578
5,2147,0.36789384484291077,0.3594729006290436,1.0319252014160156,,,,
6,2149,,,,0.9898179769515991,,,
6,2154,,,,0.8285807371139526,,,
6,2159,,,,0.9107503890991211,,,
6,2164,,,,0.8215586543083191,,,
6,2169,,,,1.0085194110870361,,,
6,2174,,,,1.0022989511489868,,,
6,2179,,,,0.9388865828514099,,,
6,2184,,,,0.997745931148529,,,
6,2189,,,,0.8306109309196472,,,
6,2194,,,,1.0292857885360718,,,
6,2199,,,,0.8120996356010437,,,
6,2204,,,,0.9032539129257202,,,
6,2209,,,,0.8790845274925232,,,
6,2214,,,,1.0128896236419678,,,
6,2219,,,,1.0533287525177002,,,
6,2224,,,,0.8818931579589844,,,
6,2229,,,,0.9065366983413696,,,
6,2234,,,,0.9573831558227539,,,
6,2239,,,,1.047806739807129,,,
6,2244,,,,0.9986435770988464,,,
6,2249,,,,0.946030855178833,,,
6,2254,,,,1.0385552644729614,,,
6,2259,,,,0.8508262038230896,,,
6,2264,,,,0.994659423828125,,,
6,2269,,,,0.8888421058654785,,,
6,2274,,,,0.9267654418945312,,,
6,2279,,,,0.9452260732650757,,,
6,2284,,,,1.0817593336105347,,,
6,2289,,,,0.9652827978134155,,,
6,2294,,,,1.0751821994781494,,,
6,2299,,,,0.9519510269165039,,,
6,2304,,,,1.0580625534057617,,,
6,2309,,,,0.9971822500228882,,,
6,2314,,,,0.9173632860183716,,,
6,2319,,,,0.96467125415802,,,
6,2324,,,,1.0360221862792969,,,
6,2329,,,,1.0530798435211182,,,
6,2334,,,,1.044115424156189,,,
6,2339,,,,0.9880406260490417,,,
6,2344,,,,1.0203890800476074,,,
6,2349,,,,1.07771635055542,,,
6,2354,,,,0.8711179494857788,,,
6,2359,,,,0.9203457236289978,,,
6,2364,,,,0.9422589540481567,,,
6,2369,,,,0.7778930068016052,,,
6,2374,,,,0.9633550047874451,,,
6,2379,,,,0.8718463778495789,,,
6,2384,,,,0.9409987330436707,,,
6,2389,,,,0.9573041796684265,,,
6,2394,,,,0.9796621203422546,,,
6,2399,,,,1.0267876386642456,,,
6,2404,,,,1.0115723609924316,,,
6,2409,,,,0.9783399105072021,,,
6,2414,,,,0.9667126536369324,,,
6,2419,,,,1.1381809711456299,,,
6,2424,,,,1.0295273065567017,,,
6,2429,,,,0.9140893816947937,,,
6,2434,,,,0.7721935510635376,,,
6,2439,,,,1.0017598867416382,,,
6,2444,,,,1.0329588651657104,,,
6,2449,,,,0.9388561248779297,,,
6,2454,,,,0.8170468807220459,,,
6,2459,,,,1.1872496604919434,,,
6,2464,,,,0.9603309631347656,,,
6,2469,,,,0.9305347204208374,,,
6,2474,,,,1.0215115547180176,,,
6,2479,,,,1.0414884090423584,,,
6,2484,,,,1.0033000707626343,,,
6,2489,,,,0.9367679357528687,,,
6,2494,,,,1.0718300342559814,,,
6,2499,,,,1.0656542778015137,,,
6,2504,,,,1.0282363891601562,,,
6,2505,,,,,0.24050624668598175,0.22430160641670227,1.2486300468444824
6,2505,0.403057724237442,0.3976595997810364,0.9773455858230591,,,,
7,2509,,,,0.8705055117607117,,,
7,2514,,,,0.8878059387207031,,,
7,2519,,,,0.9265193939208984,,,
7,2524,,,,0.8198423385620117,,,
7,2529,,,,0.7026262283325195,,,
7,2534,,,,0.9925438761711121,,,
7,2539,,,,0.8912838697433472,,,
7,2544,,,,0.7400920391082764,,,
7,2549,,,,0.8005409240722656,,,
7,2554,,,,0.8207613825798035,,,
7,2559,,,,0.8803912997245789,,,
7,2564,,,,0.9989621639251709,,,
7,2569,,,,0.9499818682670593,,,
7,2574,,,,0.8327521085739136,,,
7,2579,,,,0.8768041133880615,,,
7,2584,,,,0.935813844203949,,,
7,2589,,,,0.830764651298523,,,
7,2594,,,,1.0048205852508545,,,
7,2599,,,,0.9557635188102722,,,
7,2604,,,,0.8039877414703369,,,
7,2609,,,,0.8830533027648926,,,
7,2614,,,,0.825295090675354,,,
7,2619,,,,0.9886031150817871,,,
7,2624,,,,0.9030064940452576,,,
7,2629,,,,0.922219455242157,,,
7,2634,,,,0.9743053317070007,,,
7,2639,,,,1.0158092975616455,,,
7,2644,,,,0.7573909759521484,,,
7,2649,,,,1.0533018112182617,,,
7,2654,,,,0.9433830976486206,,,
7,2659,,,,0.8197552561759949,,,
7,2664,,,,0.9315927028656006,,,
7,2669,,,,1.1131035089492798,,,
7,2674,,,,1.009285807609558,,,
7,2679,,,,0.9377772212028503,,,
7,2684,,,,0.8675071597099304,,,
7,2689,,,,1.0379207134246826,,,
7,2694,,,,0.9658794403076172,,,
7,2699,,,,0.8718245029449463,,,
7,2704,,,,1.011627435684204,,,
7,2709,,,,0.9458693265914917,,,
7,2714,,,,0.8803436756134033,,,
7,2719,,,,1.1149194240570068,,,
7,2724,,,,0.9482487440109253,,,
7,2729,,,,0.9944103956222534,,,
7,2734,,,,0.8087586760520935,,,
7,2739,,,,1.1078999042510986,,,
7,2744,,,,0.9222531318664551,,,
7,2749,,,,0.7244561910629272,,,
7,2754,,,,0.9100691676139832,,,
7,2759,,,,0.8194597959518433,,,
7,2764,,,,0.7865946292877197,,,
7,2769,,,,1.0497961044311523,,,
7,2774,,,,0.9106749296188354,,,
7,2779,,,,1.0939557552337646,,,
7,2784,,,,0.9405106902122498,,,
7,2789,,,,0.9365400671958923,,,
7,2794,,,,1.097105860710144,,,
7,2799,,,,0.926976203918457,,,
7,2804,,,,1.0983028411865234,,,
7,2809,,,,0.9699867963790894,,,
7,2814,,,,1.1050370931625366,,,
7,2819,,,,0.9929474592208862,,,
7,2824,,,,0.941454291343689,,,
7,2829,,,,0.9177975058555603,,,
7,2834,,,,0.8371803164482117,,,
7,2839,,,,1.0505523681640625,,,
7,2844,,,,0.9762098789215088,,,
7,2849,,,,0.9051082134246826,,,
7,2854,,,,0.825523316860199,,,
7,2859,,,,0.8098427653312683,,,
7,2863,,,,,0.23329417407512665,0.2170477658510208,1.2655736207962036
7,2863,0.4291013181209564,0.4272005259990692,0.932831346988678,,,,
8,2864,,,,0.8803976774215698,,,
8,2869,,,,0.7780534029006958,,,
8,2874,,,,0.6936402320861816,,,
8,2879,,,,0.9314968585968018,,,
8,2884,,,,0.8110015392303467,,,
8,2889,,,,0.8839768767356873,,,
8,2894,,,,0.833960235118866,,,
8,2899,,,,0.8284577131271362,,,
8,2904,,,,0.6562678813934326,,,
8,2909,,,,0.7189990878105164,,,
8,2914,,,,0.7118398547172546,,,
8,2919,,,,0.8727730512619019,,,
8,2924,,,,0.7118517160415649,,,
8,2929,,,,0.9652156829833984,,,
8,2934,,,,0.9329091906547546,,,
8,2939,,,,0.773199737071991,,,
8,2944,,,,0.9089387655258179,,,
8,2949,,,,0.855567455291748,,,
8,2954,,,,0.9170510172843933,,,
8,2959,,,,0.8404774069786072,,,
8,2964,,,,0.7269765734672546,,,
8,2969,,,,0.6904818415641785,,,
8,2974,,,,0.9270652532577515,,,
8,2979,,,,0.9487795829772949,,,
8,2984,,,,0.8242939710617065,,,
8,2989,,,,0.8250818252563477,,,
8,2994,,,,0.9182777404785156,,,
8,2999,,,,0.8854392766952515,,,
8,3004,,,,0.8947851061820984,,,
8,3009,,,,0.9778178930282593,,,
8,3014,,,,0.9100210070610046,,,
8,3019,,,,0.9909817576408386,,,
8,3024,,,,0.9826068878173828,,,
8,3029,,,,0.7490895986557007,,,
8,3034,,,,0.8558298349380493,,,
8,3039,,,,0.785254716873169,,,
8,3044,,,,0.8765668869018555,,,
8,3049,,,,1.0110769271850586,,,
8,3054,,,,1.012690544128418,,,
8,3059,,,,0.737582802772522,,,
8,3064,,,,0.9466306567192078,,,
8,3069,,,,0.9904838800430298,,,
8,3074,,,,0.8770171999931335,,,
8,3079,,,,0.8206517696380615,,,
8,3084,,,,0.9443699717521667,,,
8,3089,,,,1.0293899774551392,,,
8,3094,,,,1.0615227222442627,,,
8,3099,,,,0.9934478998184204,,,
8,3104,,,,0.886513888835907,,,
8,3109,,,,0.7442231178283691,,,
8,3114,,,,0.9092975854873657,,,
8,3119,,,,0.9272584915161133,,,
8,3124,,,,1.0261499881744385,,,
8,3129,,,,0.9519414901733398,,,
8,3134,,,,0.9287557005882263,,,
8,3139,,,,0.974516749382019,,,
8,3144,,,,1.0534789562225342,,,
8,3149,,,,1.0355908870697021,,,
8,3154,,,,0.8339285850524902,,,
8,3159,,,,0.9567673206329346,,,
8,3164,,,,0.8738617300987244,,,
8,3169,,,,0.9473786354064941,,,
8,3174,,,,0.9833183288574219,,,
8,3179,,,,0.7753345370292664,,,
8,3184,,,,1.0259113311767578,,,
8,3189,,,,0.9402403235435486,,,
8,3194,,,,1.0169878005981445,,,
8,3199,,,,0.9855657815933228,,,
8,3204,,,,0.80705326795578,,,
8,3209,,,,0.9463175535202026,,,
8,3214,,,,0.8361908197402954,,,
8,3219,,,,0.8101083636283875,,,
8,3221,,,,,0.24517473578453064,0.22143761813640594,1.2814806699752808
8,3221,0.45352181792259216,0.4525110721588135,0.8808730840682983,,,,
9,3224,,,,0.8313710689544678,,,
9,3229,,,,0.675238847732544,,,
9,3234,,,,0.8845354318618774,,,
9,3239,,,,0.7292139530181885,,,
9,3244,,,,0.7190250158309937,,,
9,3249,,,,0.6944698691368103,,,
9,3254,,,,0.8203691840171814,,,
9,3259,,,,0.778799295425415,,,
9,3264,,,,0.8484312891960144,,,
9,3269,,,,0.811048150062561,,,
9,3274,,,,0.853866696357727,,,
9,3279,,,,0.8168243765830994,,,
9,3284,,,,0.7629579901695251,,,
9,3289,,,,0.8135325312614441,,,
9,3294,,,,0.853552520275116,,,
9,3299,,,,0.7632059454917908,,,
9,3304,,,,0.9359077215194702,,,
9,3309,,,,0.8073806762695312,,,
9,3314,,,,0.7940780520439148,,,
9,3319,,,,0.9880523681640625,,,
9,3324,,,,0.6789912581443787,,,
9,3329,,,,0.6239252686500549,,,
9,3334,,,,1.3155872821807861,,,
9,3339,,,,0.8400394320487976,,,
9,3344,,,,0.7973670959472656,,,
9,3349,,,,0.8123039603233337,,,
9,3354,,,,0.9610240459442139,,,
9,3359,,,,0.8501452803611755,,,
9,3364,,,,0.8042618632316589,,,
9,3369,,,,0.9614250063896179,,,
9,3374,,,,0.9465509653091431,,,
9,3379,,,,0.8410792350769043,,,
9,3384,,,,0.8228849172592163,,,
9,3389,,,,0.8930272459983826,,,
9,3394,,,,0.9442017078399658,,,
9,3399,,,,0.8768040537834167,,,
9,3404,,,,0.7949419021606445,,,
9,3409,,,,0.8362120985984802,,,
9,3414,,,,0.8843588829040527,,,
9,3419,,,,0.8994728326797485,,,
9,3424,,,,0.8507946729660034,,,
9,3429,,,,0.7616321444511414,,,
9,3434,,,,0.8983017206192017,,,
9,3439,,,,1.0195791721343994,,,
9,3444,,,,0.7430752515792847,,,
9,3449,,,,0.8852698802947998,,,
9,3454,,,,0.9396259188652039,,,
9,3459,,,,0.8857259154319763,,,
9,3464,,,,0.8620030283927917,,,
9,3469,,,,0.9591916799545288,,,
9,3474,,,,0.7382441759109497,,,
9,3479,,,,0.8899655342102051,,,
9,3484,,,,0.6597384214401245,,,
9,3489,,,,0.8633946776390076,,,
9,3494,,,,0.8062509298324585,,,
9,3499,,,,1.0509039163589478,,,
9,3504,,,,0.6940628290176392,,,
9,3509,,,,0.9286932945251465,,,
9,3514,,,,0.8124632239341736,,,
9,3519,,,,0.7992844581604004,,,
9,3524,,,,0.9068123698234558,,,
9,3529,,,,1.039839267730713,,,
9,3534,,,,0.6788831949234009,,,
9,3539,,,,0.9309989809989929,,,
9,3544,,,,0.7397488355636597,,,
9,3549,,,,0.6726257801055908,,,
9,3554,,,,0.8372620344161987,,,
9,3559,,,,0.9925730228424072,,,
9,3564,,,,0.8299446105957031,,,
9,3569,,,,0.815069854259491,,,
9,3574,,,,0.7953613996505737,,,
9,3579,,,,1.2003223896026611,,,
9,3579,,,,,0.24059642851352692,0.22224952280521393,1.3039699792861938
9,3579,0.4906187355518341,0.4894987940788269,0.8457267880439758,,,,
10,3584,,,,0.7304644584655762,,,
10,3589,,,,0.740027129650116,,,
10,3594,,,,0.7548847198486328,,,
10,3599,,,,0.7365093231201172,,,
10,3604,,,,0.7533535361289978,,,
10,3609,,,,0.6357799768447876,,,
10,3614,,,,0.7793652415275574,,,
10,3619,,,,0.6488640308380127,,,
10,3624,,,,0.675713062286377,,,
10,3629,,,,0.6814926862716675,,,
10,3634,,,,0.8721343874931335,,,
10,3639,,,,0.6589847803115845,,,
10,3644,,,,0.8215183019638062,,,
10,3649,,,,0.7581040263175964,,,
10,3654,,,,0.7070993185043335,,,
10,3659,,,,0.9045018553733826,,,
10,3664,,,,0.6855369806289673,,,
10,3669,,,,0.7828323245048523,,,
10,3674,,,,0.684533953666687,,,
10,3679,,,,0.6372687816619873,,,
10,3684,,,,0.7325993776321411,,,
10,3689,,,,0.7812274694442749,,,
10,3694,,,,0.780623197555542,,,
10,3699,,,,0.8817043304443359,,,
10,3704,,,,0.727540910243988,,,
10,3709,,,,0.8359036445617676,,,
10,3714,,,,0.6165429949760437,,,
10,3719,,,,0.7693635821342468,,,
10,3724,,,,0.6839189529418945,,,
10,3729,,,,0.9211496710777283,,,
10,3734,,,,0.6738612651824951,,,
10,3739,,,,0.8096709251403809,,,
10,3744,,,,0.9296635389328003,,,
10,3749,,,,0.6415789127349854,,,
10,3754,,,,0.4853696823120117,,,
10,3759,,,,0.8908981680870056,,,
10,3764,,,,0.7766982316970825,,,
10,3769,,,,0.6877259016036987,,,
10,3774,,,,0.8242311477661133,,,
10,3779,,,,0.699357271194458,,,
10,3784,,,,1.0322703123092651,,,
10,3789,,,,0.8073994517326355,,,
10,3794,,,,0.6764382123947144,,,
10,3799,,,,0.6884366869926453,,,
10,3804,,,,0.6268941164016724,,,
10,3809,,,,0.7637982368469238,,,
10,3814,,,,0.6246811151504517,,,
10,3819,,,,0.8563194274902344,,,
10,3824,,,,0.6329287886619568,,,
10,3829,,,,0.8922562003135681,,,
10,3834,,,,0.9052647352218628,,,
10,3839,,,,0.6203378438949585,,,
10,3844,,,,0.7774741649627686,,,
10,3849,,,,0.7679166197776794,,,
10,3854,,,,0.8880387544631958,,,
10,3859,,,,1.0090546607971191,,,
10,3864,,,,0.8312317132949829,,,
10,3869,,,,0.8383303880691528,,,
10,3874,,,,0.7370163798332214,,,
10,3879,,,,0.8054094314575195,,,
10,3884,,,,0.7471600770950317,,,
10,3889,,,,0.7730064392089844,,,
10,3894,,,,0.7656350135803223,,,
10,3899,,,,0.8469616174697876,,,
10,3904,,,,0.7716246843338013,,,
10,3909,,,,0.6861368417739868,,,
10,3914,,,,0.6999111175537109,,,
10,3919,,,,0.7023718357086182,,,
10,3924,,,,1.0566890239715576,,,
10,3929,,,,0.8485814332962036,,,
10,3934,,,,0.8289217352867126,,,
10,3937,,,,,0.24007707834243774,0.2233472466468811,1.323742151260376
10,3937,0.5212730169296265,0.5236151814460754,0.7785353660583496,,,,
11,3939,,,,0.6272130012512207,,,
11,3944,,,,0.7523969411849976,,,
11,3949,,,,0.6154950857162476,,,
11,3954,,,,0.6154097318649292,,,
11,3959,,,,0.5671064853668213,,,
11,3964,,,,0.7746869921684265,,,
11,3969,,,,0.8078111410140991,,,
11,3974,,,,0.8137319087982178,,,
11,3979,,,,0.8044707179069519,,,
11,3984,,,,0.7099554538726807,,,
11,3989,,,,0.6469925045967102,,,
11,3994,,,,0.6821792125701904,,,
11,3999,,,,0.7163960337638855,,,
11,4004,,,,0.6689802408218384,,,
11,4009,,,,0.7449080944061279,,,
11,4014,,,,0.7110617160797119,,,
11,4019,,,,0.6879433393478394,,,
11,4024,,,,0.6769508719444275,,,
11,4029,,,,0.7231900691986084,,,
11,4034,,,,0.7510733604431152,,,
11,4039,,,,0.6872245669364929,,,
11,4044,,,,0.724258542060852,,,
11,4049,,,,0.6206087470054626,,,
11,4054,,,,0.7117565870285034,,,
11,4059,,,,0.7189127802848816,,,
11,4064,,,,0.7155358791351318,,,
11,4069,,,,0.7022096514701843,,,
11,4074,,,,0.6431217193603516,,,
11,4079,,,,0.8175206184387207,,,
11,4084,,,,0.6542656421661377,,,
11,4089,,,,0.8537030220031738,,,
11,4094,,,,0.6942765116691589,,,
11,4099,,,,0.6984401941299438,,,
11,4104,,,,0.6931400299072266,,,
11,4109,,,,0.7357766032218933,,,
11,4114,,,,0.8918361663818359,,,
11,4119,,,,0.680672824382782,,,
11,4124,,,,0.7982463240623474,,,
11,4129,,,,0.7139358520507812,,,
11,4134,,,,0.750170111656189,,,
11,4139,,,,0.5207821130752563,,,
11,4144,,,,0.7530258893966675,,,
11,4149,,,,0.9171675443649292,,,
11,4154,,,,0.6657484769821167,,,
11,4159,,,,0.7500888705253601,,,
11,4164,,,,0.9407453536987305,,,
11,4169,,,,0.6560192704200745,,,
11,4174,,,,0.7696223258972168,,,
11,4179,,,,0.6930667757987976,,,
11,4184,,,,0.7278006076812744,,,
11,4189,,,,0.6778430938720703,,,
11,4194,,,,0.7544833421707153,,,
11,4199,,,,0.7280824184417725,,,
11,4204,,,,0.7605977058410645,,,
11,4209,,,,0.7553900480270386,,,
11,4214,,,,0.925437331199646,,,
11,4219,,,,0.7558259963989258,,,
11,4224,,,,0.9549554586410522,,,
11,4229,,,,0.7110828757286072,,,
11,4234,,,,0.8565106391906738,,,
11,4239,,,,0.8250651359558105,,,
11,4244,,,,0.8166739344596863,,,
11,4249,,,,0.7731484770774841,,,
11,4254,,,,0.8415628671646118,,,
11,4259,,,,0.7261425852775574,,,
11,4264,,,,0.7088348269462585,,,
11,4269,,,,0.8828486204147339,,,
11,4274,,,,0.894088625907898,,,
11,4279,,,,0.8210160136222839,,,
11,4284,,,,0.6061778664588928,,,
11,4289,,,,0.8388649225234985,,,
11,4294,,,,0.8018814325332642,,,
11,4295,,,,,0.24639350175857544,0.22531582415103912,1.3347088098526
11,4295,0.546954333782196,0.5506632924079895,0.7294602990150452,,,,
12,4299,,,,0.5825852155685425,,,
12,4304,,,,0.6689497232437134,,,
12,4309,,,,0.6698036193847656,,,
12,4314,,,,0.6669022440910339,,,
12,4319,,,,0.5610346794128418,,,
12,4324,,,,0.5763260722160339,,,
12,4329,,,,0.6500415205955505,,,
12,4334,,,,0.7556735277175903,,,
12,4339,,,,0.5431334972381592,,,
12,4344,,,,0.5643260478973389,,,
12,4349,,,,0.5183623433113098,,,
12,4354,,,,0.6401251554489136,,,
12,4359,,,,0.7138227224349976,,,
12,4364,,,,0.6326155662536621,,,
12,4369,,,,0.7094051241874695,,,
12,4374,,,,0.5251265168190002,,,
12,4379,,,,0.5812632441520691,,,
12,4384,,,,0.6664800643920898,,,
12,4389,,,,0.6655664443969727,,,
12,4394,,,,0.7065051794052124,,,
12,4399,,,,0.7600356936454773,,,
12,4404,,,,0.6560057997703552,,,
12,4409,,,,0.6369118690490723,,,
12,4414,,,,0.6536988019943237,,,
12,4419,,,,0.8832706212997437,,,
12,4424,,,,0.6549004316329956,,,
12,4429,,,,0.6051701903343201,,,
12,4434,,,,0.6341171860694885,,,
12,4439,,,,0.6208553314208984,,,
12,4444,,,,0.6669830083847046,,,
12,4449,,,,0.7171447277069092,,,
12,4454,,,,0.7193639278411865,,,
12,4459,,,,0.6233144998550415,,,
12,4464,,,,0.6836022734642029,,,
12,4469,,,,0.6824991106987,,,
12,4474,,,,0.7400838732719421,,,
12,4479,,,,0.7253215312957764,,,
12,4484,,,,0.6010959148406982,,,
12,4489,,,,0.6487704515457153,,,
12,4494,,,,0.79859459400177,,,
12,4499,,,,0.8021153807640076,,,
12,4504,,,,0.5132361650466919,,,
12,4509,,,,0.5635732412338257,,,
12,4514,,,,0.7904119491577148,,,
12,4519,,,,0.8297122716903687,,,
12,4524,,,,0.6514652967453003,,,
12,4529,,,,0.6706692576408386,,,
12,4534,,,,0.7463216185569763,,,
12,4539,,,,0.6433700919151306,,,
12,4544,,,,0.8330380916595459,,,
12,4549,,,,0.7835872173309326,,,
12,4554,,,,0.666281521320343,,,
12,4559,,,,0.641430139541626,,,
12,4564,,,,0.7025982737541199,,,
12,4569,,,,0.5913529396057129,,,
12,4574,,,,0.8713247179985046,,,
12,4579,,,,0.6917904615402222,,,
12,4584,,,,0.9139198064804077,,,
12,4589,,,,0.5721733570098877,,,
12,4594,,,,0.69092857837677,,,
12,4599,,,,0.5271984338760376,,,
12,4604,,,,0.8506674766540527,,,
12,4609,,,,0.6658099889755249,,,
12,4614,,,,0.6030580401420593,,,
12,4619,,,,0.6325122714042664,,,
12,4624,,,,0.623893141746521,,,
12,4629,,,,0.6664549112319946,,,
12,4634,,,,0.7803161144256592,,,
12,4639,,,,0.69148850440979,,,
12,4644,,,,0.6442252397537231,,,
12,4649,,,,0.7938473224639893,,,
12,4653,,,,,0.24464169144630432,0.22795870900154114,1.369988203048706
12,4653,0.5784710049629211,0.5814617276191711,0.6834561824798584,,,,
13,4654,,,,0.5104116201400757,,,
13,4659,,,,0.6307955384254456,,,
13,4664,,,,0.6155576705932617,,,
13,4669,,,,0.619444727897644,,,
13,4674,,,,0.6235530972480774,,,
13,4679,,,,0.6328993439674377,,,
13,4684,,,,0.6865688562393188,,,
13,4689,,,,0.663142204284668,,,
13,4694,,,,0.7471284866333008,,,
13,4699,,,,0.5812085866928101,,,
13,4704,,,,0.685767650604248,,,
13,4709,,,,0.47960829734802246,,,
13,4714,,,,0.583672285079956,,,
13,4719,,,,0.6111142039299011,,,
13,4724,,,,0.4620843827724457,,,
13,4729,,,,0.5966970920562744,,,
13,4734,,,,0.6328854560852051,,,
13,4739,,,,0.48502469062805176,,,
13,4744,,,,0.8565098643302917,,,
13,4749,,,,0.734205424785614,,,
13,4754,,,,0.7203567028045654,,,
13,4759,,,,0.662453293800354,,,
13,4764,,,,0.4518815875053406,,,
13,4769,,,,0.5851835608482361,,,
13,4774,,,,0.6136477589607239,,,
13,4779,,,,0.5051817297935486,,,
13,4784,,,,0.7013580799102783,,,
13,4789,,,,0.5569230318069458,,,
13,4794,,,,0.7522801160812378,,,
13,4799,,,,0.530225396156311,,,
13,4804,,,,0.6223918199539185,,,
13,4809,,,,0.5692527890205383,,,
13,4814,,,,0.587996244430542,,,
13,4819,,,,0.7976926565170288,,,
13,4824,,,,0.6535040140151978,,,
13,4829,,,,0.7162530422210693,,,
13,4834,,,,0.5747808218002319,,,
13,4839,,,,0.5451714992523193,,,
13,4844,,,,0.64592444896698,,,
13,4849,,,,0.5752323269844055,,,
13,4854,,,,0.6956206560134888,,,
13,4859,,,,0.7061183452606201,,,
13,4864,,,,0.5328778028488159,,,
13,4869,,,,0.6474106311798096,,,
13,4874,,,,0.5114215612411499,,,
13,4879,,,,0.7449395656585693,,,
13,4884,,,,0.7296621203422546,,,
13,4889,,,,0.6918901205062866,,,
13,4894,,,,0.7835401296615601,,,
13,4899,,,,0.7891734838485718,,,
13,4904,,,,0.6728784441947937,,,
13,4909,,,,0.6026099920272827,,,
13,4914,,,,0.7956089377403259,,,
13,4919,,,,0.6083285212516785,,,
13,4924,,,,0.6231669783592224,,,
13,4929,,,,0.5960664749145508,,,
13,4934,,,,0.6202871799468994,,,
13,4939,,,,0.6291910409927368,,,
13,4944,,,,0.6510298252105713,,,
13,4949,,,,0.8035847544670105,,,
13,4954,,,,0.7390350103378296,,,
13,4959,,,,0.7514187097549438,,,
13,4964,,,,0.7546459436416626,,,
13,4969,,,,0.5932782888412476,,,
13,4974,,,,0.6079646944999695,,,
13,4979,,,,0.660974383354187,,,
13,4984,,,,0.7605075836181641,,,
13,4989,,,,0.4677947461605072,,,
13,4994,,,,0.8893475532531738,,,
13,4999,,,,0.7586079835891724,,,
13,5004,,,,0.6118712425231934,,,
13,5009,,,,0.6879013776779175,,,
13,5011,,,,,0.23138143122196198,0.21689622104167938,1.4105585813522339
13,5011,0.608003556728363,0.6133296489715576,0.6342843770980835,,,,
14,5014,,,,0.3965946137905121,,,
14,5019,,,,0.63651442527771,,,
14,5024,,,,0.5933670401573181,,,
14,5029,,,,0.5044143795967102,,,
14,5034,,,,0.5824450254440308,,,
14,5039,,,,0.5319070816040039,,,
14,5044,,,,0.5606593489646912,,,
14,5049,,,,0.5400509238243103,,,
14,5054,,,,0.6280276775360107,,,
14,5059,,,,0.563059389591217,,,
14,5064,,,,0.5029889941215515,,,
14,5069,,,,0.5307177305221558,,,
14,5074,,,,0.6069960594177246,,,
14,5079,,,,0.46815404295921326,,,
14,5084,,,,0.4457000494003296,,,
14,5089,,,,0.6126206517219543,,,
14,5094,,,,0.5091425180435181,,,
14,5099,,,,0.7243466377258301,,,
14,5104,,,,0.586475670337677,,,
14,5109,,,,0.513861358165741,,,
14,5114,,,,0.5778778195381165,,,
14,5119,,,,0.5330808162689209,,,
14,5124,,,,0.7778738737106323,,,
14,5129,,,,0.5124396085739136,,,
14,5134,,,,0.5241612792015076,,,
14,5139,,,,0.6699622869491577,,,
14,5144,,,,0.5476652383804321,,,
14,5149,,,,0.7154322862625122,,,
14,5154,,,,0.6736841201782227,,,
14,5159,,,,0.46526941657066345,,,
14,5164,,,,0.5570589900016785,,,
14,5169,,,,0.7534374594688416,,,
14,5174,,,,0.4646190404891968,,,
14,5179,,,,0.5461220741271973,,,
14,5184,,,,0.5338541269302368,,,
14,5189,,,,0.5273144841194153,,,
14,5194,,,,0.6055604219436646,,,
14,5199,,,,0.6859532594680786,,,
14,5204,,,,0.45046377182006836,,,
14,5209,,,,0.5839202404022217,,,
14,5214,,,,0.5030578374862671,,,
14,5219,,,,0.5067304372787476,,,
14,5224,,,,0.5906211137771606,,,
14,5229,,,,0.6471207737922668,,,
14,5234,,,,0.6813677549362183,,,
14,5239,,,,0.6316023468971252,,,
14,5244,,,,0.5230131149291992,,,
14,5249,,,,0.5524163246154785,,,
14,5254,,,,0.6196954250335693,,,
14,5259,,,,0.6117947697639465,,,
14,5264,,,,0.6609308123588562,,,
14,5269,,,,0.5357260704040527,,,
14,5274,,,,0.6165491342544556,,,
14,5279,,,,0.797456681728363,,,
14,5284,,,,0.5499663352966309,,,
14,5289,,,,0.6279628872871399,,,
14,5294,,,,0.6698373556137085,,,
14,5299,,,,0.6358159184455872,,,
14,5304,,,,0.6145150661468506,,,
14,5309,,,,0.5912033319473267,,,
14,5314,,,,0.6337937712669373,,,
14,5319,,,,0.6268550157546997,,,
14,5324,,,,0.5099004507064819,,,
14,5329,,,,0.6182081699371338,,,
14,5334,,,,0.6272144317626953,,,
14,5339,,,,0.4978298544883728,,,
14,5344,,,,0.6765589714050293,,,
14,5349,,,,0.49996960163116455,,,
14,5354,,,,0.561686635017395,,,
14,5359,,,,0.6389898061752319,,,
14,5364,,,,0.566551148891449,,,
14,5369,,,,0.7769284248352051,,,
14,5369,,,,,0.2503873109817505,0.22901581227779388,1.40765380859375
14,5369,0.6308173537254333,0.6348965764045715,0.5958036184310913,,,,
15,5374,,,,0.4321415424346924,,,
15,5379,,,,0.4070656895637512,,,
15,5384,,,,0.5552483797073364,,,
15,5389,,,,0.4133511185646057,,,
15,5394,,,,0.4733349084854126,,,
15,5399,,,,0.5341328978538513,,,
15,5404,,,,0.4109506607055664,,,
15,5409,,,,0.533639669418335,,,
15,5414,,,,0.521915853023529,,,
15,5419,,,,0.5619904398918152,,,
15,5424,,,,0.4838341176509857,,,
15,5429,,,,0.5880352258682251,,,
15,5434,,,,0.5793959498405457,,,
15,5439,,,,0.43039757013320923,,,
15,5444,,,,0.47544270753860474,,,
15,5449,,,,0.5528498888015747,,,
15,5454,,,,0.7525379657745361,,,
15,5459,,,,0.6131633520126343,,,
15,5464,,,,0.5199146270751953,,,
15,5469,,,,0.6403635740280151,,,
15,5474,,,,0.5530800819396973,,,
15,5479,,,,0.4468097686767578,,,
15,5484,,,,0.7024223208427429,,,
15,5489,,,,0.6822702288627625,,,
15,5494,,,,0.448159396648407,,,
15,5499,,,,0.6306990385055542,,,
15,5504,,,,0.5138689875602722,,,
15,5509,,,,0.6797055006027222,,,
15,5514,,,,0.5768116116523743,,,
15,5519,,,,0.46848970651626587,,,
15,5524,,,,0.4792573153972626,,,
15,5529,,,,0.5650455355644226,,,
15,5534,,,,0.5242372751235962,,,
15,5539,,,,0.47935160994529724,,,
15,5544,,,,0.6333378553390503,,,
15,5549,,,,0.6352778673171997,,,
15,5554,,,,0.48290905356407166,,,
15,5559,,,,0.4165894389152527,,,
15,5564,,,,0.5764116644859314,,,
15,5569,,,,0.5304400324821472,,,
15,5574,,,,0.5578399896621704,,,
15,5579,,,,0.5225251317024231,,,
15,5584,,,,0.7079765200614929,,,
15,5589,,,,0.5923274755477905,,,
15,5594,,,,0.5751326084136963,,,
15,5599,,,,0.5677822232246399,,,
15,5604,,,,0.6290622353553772,,,
15,5609,,,,0.634765088558197,,,
15,5614,,,,0.5756486654281616,,,
15,5619,,,,0.5089142322540283,,,
15,5624,,,,0.5492864847183228,,,
15,5629,,,,0.6305780410766602,,,
15,5634,,,,0.6393507122993469,,,
15,5639,,,,0.4365263879299164,,,
15,5644,,,,0.5676544904708862,,,
15,5649,,,,0.6684578657150269,,,
15,5654,,,,0.5945508480072021,,,
15,5659,,,,0.6207639575004578,,,
15,5664,,,,0.6146706342697144,,,
15,5669,,,,0.5851369500160217,,,
15,5674,,,,0.5448095798492432,,,
15,5679,,,,0.578267514705658,,,
15,5684,,,,0.5203195214271545,,,
15,5689,,,,0.4356071949005127,,,
15,5694,,,,0.6253330707550049,,,
15,5699,,,,0.5321201682090759,,,
15,5704,,,,0.5876110792160034,,,
15,5709,,,,0.4178807735443115,,,
15,5714,,,,0.6001684665679932,,,
15,5719,,,,0.6125521063804626,,,
15,5724,,,,0.6662794351577759,,,
15,5727,,,,,0.2565208077430725,0.2363881766796112,1.4233992099761963
15,5727,0.6485887765884399,0.6522144675254822,0.5538517236709595,,,,
16,5729,,,,0.49411195516586304,,,
16,5734,,,,0.4202195107936859,,,
16,5739,,,,0.37936776876449585,,,
16,5744,,,,0.6268231272697449,,,
16,5749,,,,0.48329347372055054,,,
16,5754,,,,0.44451889395713806,,,
16,5759,,,,0.4872890114784241,,,
16,5764,,,,0.5557073950767517,,,
16,5769,,,,0.46168678998947144,,,
16,5774,,,,0.5269237756729126,,,
16,5779,,,,0.5614506006240845,,,
16,5784,,,,0.49260902404785156,,,
16,5789,,,,0.4832729995250702,,,
16,5794,,,,0.41941675543785095,,,
16,5799,,,,0.4766440987586975,,,
16,5804,,,,0.49619513750076294,,,
16,5809,,,,0.4952514171600342,,,
16,5814,,,,0.3989240527153015,,,
16,5819,,,,0.48844200372695923,,,
16,5824,,,,0.40465080738067627,,,
16,5829,,,,0.39462870359420776,,,
16,5834,,,,0.5720549821853638,,,
16,5839,,,,0.4600759446620941,,,
16,5844,,,,0.4949067234992981,,,
16,5849,,,,0.5394492149353027,,,
16,5854,,,,0.44484221935272217,,,
16,5859,,,,0.5192246437072754,,,
16,5864,,,,0.5323543548583984,,,
16,5869,,,,0.577966034412384,,,
16,5874,,,,0.48358964920043945,,,
16,5879,,,,0.536188542842865,,,
16,5884,,,,0.5864837169647217,,,
16,5889,,,,0.5620594024658203,,,
16,5894,,,,0.46279364824295044,,,
16,5899,,,,0.6962262988090515,,,
16,5904,,,,0.5343872904777527,,,
16,5909,,,,0.4047420918941498,,,
16,5914,,,,0.6434018611907959,,,
16,5919,,,,0.49554404616355896,,,
16,5924,,,,0.47223156690597534,,,
16,5929,,,,0.5307368040084839,,,
16,5934,,,,0.4571568965911865,,,
16,5939,,,,0.435892790555954,,,
16,5944,,,,0.39397281408309937,,,
16,5949,,,,0.4841177463531494,,,
16,5954,,,,0.49212560057640076,,,
16,5959,,,,0.5836259722709656,,,
16,5964,,,,0.4807029962539673,,,
16,5969,,,,0.6545131206512451,,,
16,5974,,,,0.40823444724082947,,,
16,5979,,,,0.6670149564743042,,,
16,5984,,,,0.39762061834335327,,,
16,5989,,,,0.5597878098487854,,,
16,5994,,,,0.6916353106498718,,,
16,5999,,,,0.587138295173645,,,
16,6004,,,,0.5760018229484558,,,
16,6009,,,,0.47367534041404724,,,
16,6014,,,,0.5311903953552246,,,
16,6019,,,,0.5835854411125183,,,
16,6024,,,,0.4762498736381531,,,
16,6029,,,,0.4237353801727295,,,
16,6034,,,,0.5143859386444092,,,
16,6039,,,,0.46302711963653564,,,
16,6044,,,,0.4524208903312683,,,
16,6049,,,,0.4102333188056946,,,
16,6054,,,,0.4830772280693054,,,
16,6059,,,,0.6118947267532349,,,
16,6064,,,,0.7326189279556274,,,
16,6069,,,,0.4321274161338806,,,
16,6074,,,,0.39808258414268494,,,
16,6079,,,,0.5956066846847534,,,
16,6084,,,,0.5581262111663818,,,
16,6085,,,,,0.25171080231666565,0.23442423343658447,1.4171700477600098
16,6085,0.6728726625442505,0.6773821115493774,0.518118679523468,,,,
17,6089,,,,0.37914833426475525,,,
17,6094,,,,0.37831664085388184,,,
17,6099,,,,0.42936164140701294,,,
17,6104,,,,0.6299885511398315,,,
17,6109,,,,0.5014255046844482,,,
17,6114,,,,0.37122735381126404,,,
17,6119,,,,0.6530098915100098,,,
17,6124,,,,0.39598342776298523,,,
17,6129,,,,0.742517352104187,,,
17,6134,,,,0.3917476534843445,,,
17,6139,,,,0.4101989269256592,,,
17,6144,,,,0.4470582902431488,,,
17,6149,,,,0.5508697032928467,,,
17,6154,,,,0.5012826919555664,,,
17,6159,,,,0.5245862007141113,,,
17,6164,,,,0.43820223212242126,,,
17,6169,,,,0.5425829291343689,,,
17,6174,,,,0.40730735659599304,,,
17,6179,,,,0.3728451132774353,,,
17,6184,,,,0.5292858481407166,,,
17,6189,,,,0.42297935485839844,,,
17,6194,,,,0.4590085446834564,,,
17,6199,,,,0.4659581780433655,,,
17,6204,,,,0.36364078521728516,,,
17,6209,,,,0.4673776626586914,,,
17,6214,,,,0.45978593826293945,,,
17,6219,,,,0.5232519507408142,,,
17,6224,,,,0.4641568660736084,,,
17,6229,,,,0.4369600713253021,,,
17,6234,,,,0.46497148275375366,,,
17,6239,,,,0.5297023057937622,,,
17,6244,,,,0.5438884496688843,,,
17,6249,,,,0.42859596014022827,,,
17,6254,,,,0.41245269775390625,,,
17,6259,,,,0.543667197227478,,,
17,6264,,,,0.5853995680809021,,,
17,6269,,,,0.533552885055542,,,
17,6274,,,,0.518669068813324,,,
17,6279,,,,0.5131707191467285,,,
17,6284,,,,0.4358033835887909,,,
17,6289,,,,0.4818248748779297,,,
17,6294,,,,0.5043894052505493,,,
17,6299,,,,0.5506953597068787,,,
17,6304,,,,0.4038136899471283,,,
17,6309,,,,0.5297682881355286,,,
17,6314,,,,0.5399819016456604,,,
17,6319,,,,0.3154675364494324,,,
17,6324,,,,0.4113437831401825,,,
17,6329,,,,0.5407124757766724,,,
17,6334,,,,0.6046258211135864,,,
17,6339,,,,0.6946940422058105,,,
17,6344,,,,0.430137574672699,,,
17,6349,,,,0.5031130313873291,,,
17,6354,,,,0.5712795853614807,,,
17,6359,,,,0.4398653507232666,,,
17,6364,,,,0.3936260938644409,,,
17,6369,,,,0.5165414810180664,,,
17,6374,,,,0.6594730615615845,,,
17,6379,,,,0.4125281274318695,,,
17,6384,,,,0.5119321942329407,,,
17,6389,,,,0.5831353664398193,,,
17,6394,,,,0.6146303415298462,,,
17,6399,,,,0.45234817266464233,,,
17,6404,,,,0.4650845527648926,,,
17,6409,,,,0.5212243795394897,,,
17,6414,,,,0.5166511535644531,,,
17,6419,,,,0.45337527990341187,,,
17,6424,,,,0.5270281434059143,,,
17,6429,,,,0.49420708417892456,,,
17,6434,,,,0.4362393319606781,,,
17,6439,,,,0.41905999183654785,,,
17,6443,,,,,0.24005845189094543,0.22706323862075806,1.4404361248016357
17,6443,0.681922972202301,0.6863585710525513,0.4898042678833008,,,,
18,6444,,,,0.4280799627304077,,,
18,6449,,,,0.5423252582550049,,,
18,6454,,,,0.4119184613227844,,,
18,6459,,,,0.36930760741233826,,,
18,6464,,,,0.4508941173553467,,,
18,6469,,,,0.562874972820282,,,
18,6474,,,,0.4272109270095825,,,
18,6479,,,,0.37452155351638794,,,
18,6484,,,,0.48327040672302246,,,
18,6489,,,,0.39674851298332214,,,
18,6494,,,,0.4314245879650116,,,
18,6499,,,,0.45615875720977783,,,
18,6504,,,,0.5264772772789001,,,
18,6509,,,,0.4510217308998108,,,
18,6514,,,,0.37626296281814575,,,
18,6519,,,,0.36307984590530396,,,
18,6524,,,,0.5082980394363403,,,
18,6529,,,,0.4310472011566162,,,
18,6534,,,,0.544215202331543,,,
18,6539,,,,0.5600533485412598,,,
18,6544,,,,0.4749837815761566,,,
18,6549,,,,0.3393957018852234,,,
18,6554,,,,0.4191734790802002,,,
18,6559,,,,0.3897939920425415,,,
18,6564,,,,0.41446852684020996,,,
18,6569,,,,0.5393615961074829,,,
18,6574,,,,0.40256333351135254,,,
18,6579,,,,0.3753715455532074,,,
18,6584,,,,0.44195517897605896,,,
18,6589,,,,0.5825237035751343,,,
18,6594,,,,0.439739465713501,,,
18,6599,,,,0.5497044324874878,,,
18,6604,,,,0.38009971380233765,,,
18,6609,,,,0.38374656438827515,,,
18,6614,,,,0.4209153652191162,,,
18,6619,,,,0.5449140667915344,,,
18,6624,,,,0.46264004707336426,,,
18,6629,,,,0.3122454583644867,,,
18,6634,,,,0.3937799632549286,,,
18,6639,,,,0.4732741713523865,,,
18,6644,,,,0.29932457208633423,,,
18,6649,,,,0.42762112617492676,,,
18,6654,,,,0.4657018184661865,,,
18,6659,,,,0.4164654612541199,,,
18,6664,,,,0.5108970403671265,,,
18,6669,,,,0.4144960343837738,,,
18,6674,,,,0.5935251116752625,,,
18,6679,,,,0.6364168524742126,,,
18,6684,,,,0.42020511627197266,,,
18,6689,,,,0.3633345067501068,,,
18,6694,,,,0.4082272946834564,,,
18,6699,,,,0.44042718410491943,,,
18,6704,,,,0.5810763835906982,,,
18,6709,,,,0.3947629928588867,,,
18,6714,,,,0.48913854360580444,,,
18,6719,,,,0.43319225311279297,,,
18,6724,,,,0.5240180492401123,,,
18,6729,,,,0.5269709825515747,,,
18,6734,,,,0.4503260552883148,,,
18,6739,,,,0.5159101486206055,,,
18,6744,,,,0.5814162492752075,,,
18,6749,,,,0.3860996663570404,,,
18,6754,,,,0.38557684421539307,,,
18,6759,,,,0.4671151041984558,,,
18,6764,,,,0.4750017523765564,,,
18,6769,,,,0.41496795415878296,,,
18,6774,,,,0.5472855567932129,,,
18,6779,,,,0.479869544506073,,,
18,6784,,,,0.5327064394950867,,,
18,6789,,,,0.4228513240814209,,,
18,6794,,,,0.4104233682155609,,,
18,6799,,,,0.47721657156944275,,,
18,6801,,,,,0.2679651379585266,0.25069913268089294,1.473494529724121
18,6801,0.7068750858306885,0.7115814089775085,0.45221152901649475,,,,
19,6804,,,,0.433275043964386,,,
19,6809,,,,0.38337260484695435,,,
19,6814,,,,0.3555583953857422,,,
19,6819,,,,0.45231205224990845,,,
19,6824,,,,0.5083882808685303,,,
19,6829,,,,0.5173666477203369,,,
19,6834,,,,0.4437395930290222,,,
19,6839,,,,0.4969754219055176,,,
19,6844,,,,0.4337572455406189,,,
19,6849,,,,0.3555848002433777,,,
19,6854,,,,0.31686636805534363,,,
19,6859,,,,0.39336463809013367,,,
19,6864,,,,0.45869478583335876,,,
19,6869,,,,0.4456605613231659,,,
19,6874,,,,0.38559722900390625,,,
19,6879,,,,0.26099035143852234,,,
19,6884,,,,0.46776509284973145,,,
19,6889,,,,0.4462012052536011,,,
19,6894,,,,0.34753653407096863,,,
19,6899,,,,0.3729449510574341,,,
19,6904,,,,0.3925105929374695,,,
19,6909,,,,0.42400258779525757,,,
19,6914,,,,0.4536427855491638,,,
19,6919,,,,0.4526001811027527,,,
19,6924,,,,0.45072656869888306,,,
19,6929,,,,0.3506079614162445,,,
19,6934,,,,0.3770771622657776,,,
19,6939,,,,0.4038769006729126,,,
19,6944,,,,0.427278995513916,,,
19,6949,,,,0.4181811511516571,,,
19,6954,,,,0.27693653106689453,,,
19,6959,,,,0.3598138689994812,,,
19,6964,,,,0.5495805144309998,,,
19,6969,,,,0.5109100341796875,,,
19,6974,,,,0.45265790820121765,,,
19,6979,,,,0.3617205023765564,,,
19,6984,,,,0.45350655913352966,,,
19,6989,,,,0.5072660446166992,,,
19,6994,,,,0.36341238021850586,,,
19,6999,,,,0.3899593949317932,,,
19,7004,,,,0.4882388114929199,,,
19,7009,,,,0.38247859477996826,,,
19,7014,,,,0.5304126739501953,,,
19,7019,,,,0.3712947368621826,,,
19,7024,,,,0.4178287982940674,,,
19,7029,,,,0.48915594816207886,,,
19,7034,,,,0.6113023161888123,,,
19,7039,,,,0.45518356561660767,,,
19,7044,,,,0.4336718022823334,,,
19,7049,,,,0.4921303689479828,,,
19,7054,,,,0.3755764961242676,,,
19,7059,,,,0.4870567321777344,,,
19,7064,,,,0.5333744287490845,,,
19,7069,,,,0.4900108277797699,,,
19,7074,,,,0.3536376953125,,,
19,7079,,,,0.47794899344444275,,,
19,7084,,,,0.4978693425655365,,,
19,7089,,,,0.4578477740287781,,,
19,7094,,,,0.42272576689720154,,,
19,7099,,,,0.3344278335571289,,,
19,7104,,,,0.5623524188995361,,,
19,7109,,,,0.48395657539367676,,,
19,7114,,,,0.5045594573020935,,,
19,7119,,,,0.404133141040802,,,
19,7124,,,,0.4354361891746521,,,
19,7129,,,,0.3654104173183441,,,
19,7134,,,,0.45376092195510864,,,
19,7139,,,,0.3738439083099365,,,
19,7144,,,,0.4289643168449402,,,
19,7149,,,,0.4973375201225281,,,
19,7154,,,,0.2959463894367218,,,
19,7159,,,,0.44502830505371094,,,
19,7159,,,,,0.25548675656318665,0.23692293465137482,1.4451097249984741
19,7159,0.7253891825675964,0.7283300161361694,0.42248305678367615,,,,
20,7164,,,,0.337058424949646,,,
20,7169,,,,0.31079328060150146,,,
20,7174,,,,0.47888410091400146,,,
20,7179,,,,0.3204501271247864,,,
20,7184,,,,0.5302919745445251,,,
20,7189,,,,0.29431086778640747,,,
20,7194,,,,0.46617811918258667,,,
20,7199,,,,0.42975473403930664,,,
20,7204,,,,0.3138560354709625,,,
20,7209,,,,0.3286955654621124,,,
20,7214,,,,0.3068591058254242,,,
20,7219,,,,0.43606898188591003,,,
20,7224,,,,0.48046374320983887,,,
20,7229,,,,0.4117063283920288,,,
20,7234,,,,0.4072490930557251,,,
20,7239,,,,0.4667896628379822,,,
20,7244,,,,0.39269447326660156,,,
20,7249,,,,0.4182935953140259,,,
20,7254,,,,0.37255236506462097,,,
20,7259,,,,0.5069558024406433,,,
20,7264,,,,0.4982163906097412,,,
20,7269,,,,0.40357550978660583,,,
20,7274,,,,0.3006855845451355,,,
20,7279,,,,0.4264650046825409,,,
20,7284,,,,0.3342345654964447,,,
20,7289,,,,0.4172355532646179,,,
20,7294,,,,0.3500993251800537,,,
20,7299,,,,0.39225682616233826,,,
20,7304,,,,0.4113301932811737,,,
20,7309,,,,0.33113715052604675,,,
20,7314,,,,0.3885224759578705,,,
20,7319,,,,0.43355220556259155,,,
20,7324,,,,0.4498403072357178,,,
20,7329,,,,0.3473592698574066,,,
20,7334,,,,0.3601458966732025,,,
20,7339,,,,0.2519948184490204,,,
20,7344,,,,0.4792914092540741,,,
20,7349,,,,0.4060136079788208,,,
20,7354,,,,0.4481620788574219,,,
20,7359,,,,0.3756055235862732,,,
20,7364,,,,0.3669145703315735,,,
20,7369,,,,0.3806402087211609,,,
20,7374,,,,0.5026020407676697,,,
20,7379,,,,0.49385344982147217,,,
20,7384,,,,0.5410767197608948,,,
20,7389,,,,0.31384509801864624,,,
20,7394,,,,0.363943874835968,,,
20,7399,,,,0.38275811076164246,,,
20,7404,,,,0.5983377695083618,,,
20,7409,,,,0.3940383791923523,,,
20,7414,,,,0.4743325412273407,,,
20,7419,,,,0.3489607572555542,,,
20,7424,,,,0.3305164575576782,,,
20,7429,,,,0.33767956495285034,,,
20,7434,,,,0.5920343399047852,,,
20,7439,,,,0.36264485120773315,,,
20,7444,,,,0.43828150629997253,,,
20,7449,,,,0.5026888251304626,,,
20,7454,,,,0.3631761074066162,,,
20,7459,,,,0.49109694361686707,,,
20,7464,,,,0.4302822947502136,,,
20,7469,,,,0.3795499801635742,,,
20,7474,,,,0.31719809770584106,,,
20,7479,,,,0.40774664282798767,,,
20,7484,,,,0.47098803520202637,,,
20,7489,,,,0.48437535762786865,,,
20,7494,,,,0.4642433822154999,,,
20,7499,,,,0.4396781921386719,,,
20,7504,,,,0.29214662313461304,,,
20,7509,,,,0.3874642848968506,,,
20,7514,,,,0.3835585117340088,,,
20,7517,,,,,0.25351062417030334,0.23889397084712982,1.476563572883606
20,7517,0.7353449463844299,0.7383273243904114,0.40115466713905334,,,,
21,7519,,,,0.34023451805114746,,,
21,7524,,,,0.38598835468292236,,,
21,7529,,,,0.40069907903671265,,,
21,7534,,,,0.32945936918258667,,,
21,7539,,,,0.4481699466705322,,,
21,7544,,,,0.3771505057811737,,,
21,7549,,,,0.3969070315361023,,,
21,7554,,,,0.4074539542198181,,,
21,7559,,,,0.2510620951652527,,,
21,7564,,,,0.2309601604938507,,,
21,7569,,,,0.2848396897315979,,,
21,7574,,,,0.34165263175964355,,,
21,7579,,,,0.3817971646785736,,,
21,7584,,,,0.2547397315502167,,,
21,7589,,,,0.3165731132030487,,,
21,7594,,,,0.2295604795217514,,,
21,7599,,,,0.3702666163444519,,,
21,7604,,,,0.5066856741905212,,,
21,7609,,,,0.26705318689346313,,,
21,7614,,,,0.35755714774131775,,,
21,7619,,,,0.2946152091026306,,,
21,7624,,,,0.49620574712753296,,,
21,7629,,,,0.4841938614845276,,,
21,7634,,,,0.3291149139404297,,,
21,7639,,,,0.30419233441352844,,,
21,7644,,,,0.4433370530605316,,,
21,7649,,,,0.39082106947898865,,,
21,7654,,,,0.46596336364746094,,,
21,7659,,,,0.527512788772583,,,
21,7664,,,,0.41837841272354126,,,
21,7669,,,,0.31096237897872925,,,
21,7674,,,,0.3218584656715393,,,
21,7679,,,,0.45952141284942627,,,
21,7684,,,,0.4693242907524109,,,
21,7689,,,,0.2938334047794342,,,
21,7694,,,,0.37485700845718384,,,
21,7699,,,,0.33515796065330505,,,
21,7704,,,,0.411113977432251,,,
21,7709,,,,0.4378358721733093,,,
21,7714,,,,0.36058032512664795,,,
21,7719,,,,0.33440443873405457,,,
21,7724,,,,0.26809436082839966,,,
21,7729,,,,0.4182150363922119,,,
21,7734,,,,0.3323506712913513,,,
21,7739,,,,0.4313669204711914,,,
21,7744,,,,0.2663111090660095,,,
21,7749,,,,0.48529431223869324,,,
21,7754,,,,0.5552679896354675,,,
21,7759,,,,0.4310736656188965,,,
21,7764,,,,0.32247570157051086,,,
21,7769,,,,0.4283704161643982,,,
21,7774,,,,0.2762486934661865,,,
21,7779,,,,0.39620786905288696,,,
21,7784,,,,0.3307788372039795,,,
21,7789,,,,0.37603873014450073,,,
21,7794,,,,0.3635103702545166,,,
21,7799,,,,0.35539084672927856,,,
21,7804,,,,0.41131410002708435,,,
21,7809,,,,0.2940407693386078,,,
21,7814,,,,0.3948565423488617,,,
21,7819,,,,0.41161081194877625,,,
21,7824,,,,0.31439879536628723,,,
21,7829,,,,0.35539552569389343,,,
21,7834,,,,0.3570884168148041,,,
21,7839,,,,0.39329713582992554,,,
21,7844,,,,0.3860684335231781,,,
21,7849,,,,0.4301462173461914,,,
21,7854,,,,0.22687825560569763,,,
21,7859,,,,0.44938379526138306,,,
21,7864,,,,0.36197710037231445,,,
21,7869,,,,0.3345535695552826,,,
21,7874,,,,0.3613470792770386,,,
21,7875,,,,,0.257041335105896,0.2410089075565338,1.4875364303588867
21,7875,0.7520434856414795,0.7549437284469604,0.37744593620300293,,,,
22,7879,,,,0.26847976446151733,,,
22,7884,,,,0.32464003562927246,,,
22,7889,,,,0.2380671203136444,,,
22,7894,,,,0.22789566218852997,,,
22,7899,,,,0.36378341913223267,,,
22,7904,,,,0.3602820336818695,,,
22,7909,,,,0.2981685400009155,,,
22,7914,,,,0.34490248560905457,,,
22,7919,,,,0.3519771695137024,,,
22,7924,,,,0.28305453062057495,,,
22,7929,,,,0.3525097966194153,,,
22,7934,,,,0.39386940002441406,,,
22,7939,,,,0.37949830293655396,,,
22,7944,,,,0.36034852266311646,,,
22,7949,,,,0.30243760347366333,,,
22,7954,,,,0.3314533233642578,,,
22,7959,,,,0.3370705842971802,,,
22,7964,,,,0.35548120737075806,,,
22,7969,,,,0.361428439617157,,,
22,7974,,,,0.2535399794578552,,,
22,7979,,,,0.3354945182800293,,,
22,7984,,,,0.3401295840740204,,,
22,7989,,,,0.2679988145828247,,,
22,7994,,,,0.24999791383743286,,,
22,7999,,,,0.3015629053115845,,,
22,8004,,,,0.3998197913169861,,,
22,8009,,,,0.3557591438293457,,,
22,8014,,,,0.37784847617149353,,,
22,8019,,,,0.2909136414527893,,,
22,8024,,,,0.4360087811946869,,,
22,8029,,,,0.3542909324169159,,,
22,8034,,,,0.23928618431091309,,,
22,8039,,,,0.3051430583000183,,,
22,8044,,,,0.4096117913722992,,,
22,8049,,,,0.42171892523765564,,,
22,8054,,,,0.39937910437583923,,,
22,8059,,,,0.2650088369846344,,,
22,8064,,,,0.3710078001022339,,,
22,8069,,,,0.2830095589160919,,,
22,8074,,,,0.3695322871208191,,,
22,8079,,,,0.35643380880355835,,,
22,8084,,,,0.4390708804130554,,,
22,8089,,,,0.34433162212371826,,,
22,8094,,,,0.34611159563064575,,,
22,8099,,,,0.42658981680870056,,,
22,8104,,,,0.39562079310417175,,,
22,8109,,,,0.38106870651245117,,,
22,8114,,,,0.38395148515701294,,,
22,8119,,,,0.3731618821620941,,,
22,8124,,,,0.25003576278686523,,,
22,8129,,,,0.3220086097717285,,,
22,8134,,,,0.35910582542419434,,,
22,8139,,,,0.4081849753856659,,,
22,8144,,,,0.43444859981536865,,,
22,8149,,,,0.32446354627609253,,,
22,8154,,,,0.36411628127098083,,,
22,8159,,,,0.34076404571533203,,,
22,8164,,,,0.5501204133033752,,,
22,8169,,,,0.47866424918174744,,,
22,8174,,,,0.39807939529418945,,,
22,8179,,,,0.2871794104576111,,,
22,8184,,,,0.27461007237434387,,,
22,8189,,,,0.3317117691040039,,,
22,8194,,,,0.34406647086143494,,,
22,8199,,,,0.26871955394744873,,,
22,8204,,,,0.3233075439929962,,,
22,8209,,,,0.3134685158729553,,,
22,8214,,,,0.3878862261772156,,,
22,8219,,,,0.3755629062652588,,,
22,8224,,,,0.38894256949424744,,,
22,8229,,,,0.381142795085907,,,
22,8233,,,,,0.2483142614364624,0.23375757038593292,1.509053349494934
22,8233,0.7530295252799988,0.754192054271698,0.35318636894226074,,,,
23,8234,,,,0.33958134055137634,,,
23,8239,,,,0.36266598105430603,,,
23,8244,,,,0.3035324513912201,,,
23,8249,,,,0.30138152837753296,,,
23,8254,,,,0.36436063051223755,,,
23,8259,,,,0.37267622351646423,,,
23,8264,,,,0.32247525453567505,,,
23,8269,,,,0.4091709554195404,,,
23,8274,,,,0.3805869519710541,,,
23,8279,,,,0.23890909552574158,,,
23,8284,,,,0.32351183891296387,,,
23,8289,,,,0.28335922956466675,,,
23,8294,,,,0.29979950189590454,,,
23,8299,,,,0.21342766284942627,,,
23,8304,,,,0.3911747336387634,,,
23,8309,,,,0.3440014719963074,,,
23,8314,,,,0.3454863429069519,,,
23,8319,,,,0.3025033175945282,,,
23,8324,,,,0.2456439733505249,,,
23,8329,,,,0.42636317014694214,,,
23,8334,,,,0.2508358359336853,,,
23,8339,,,,0.2785472869873047,,,
23,8344,,,,0.26561102271080017,,,
23,8349,,,,0.36563777923583984,,,
23,8354,,,,0.32960957288742065,,,
23,8359,,,,0.3179740607738495,,,
23,8364,,,,0.34763622283935547,,,
23,8369,,,,0.2741334140300751,,,
23,8374,,,,0.3819870352745056,,,
23,8379,,,,0.44223296642303467,,,
23,8384,,,,0.27144214510917664,,,
23,8389,,,,0.3078390955924988,,,
23,8394,,,,0.39121419191360474,,,
23,8399,,,,0.3488795757293701,,,
23,8404,,,,0.3257841467857361,,,
23,8409,,,,0.3472905158996582,,,
23,8414,,,,0.3653755187988281,,,
23,8419,,,,0.3368615508079529,,,
23,8424,,,,0.32666444778442383,,,
23,8429,,,,0.37299108505249023,,,
23,8434,,,,0.3969214856624603,,,
23,8439,,,,0.37136805057525635,,,
23,8444,,,,0.31687018275260925,,,
23,8449,,,,0.2627198398113251,,,
23,8454,,,,0.2820565104484558,,,
23,8459,,,,0.3577156066894531,,,
23,8464,,,,0.2535053491592407,,,
23,8469,,,,0.35732099413871765,,,
23,8474,,,,0.32262900471687317,,,
23,8479,,,,0.26532143354415894,,,
23,8484,,,,0.32004302740097046,,,
23,8489,,,,0.326427698135376,,,
23,8494,,,,0.25231581926345825,,,
23,8499,,,,0.2962070107460022,,,
23,8504,,,,0.3449467122554779,,,
23,8509,,,,0.23683127760887146,,,
23,8514,,,,0.28977108001708984,,,
23,8519,,,,0.31090182065963745,,,
23,8524,,,,0.2534322738647461,,,
23,8529,,,,0.3761816918849945,,,
23,8534,,,,0.23122164607048035,,,
23,8539,,,,0.29445725679397583,,,
23,8544,,,,0.3452596366405487,,,
23,8549,,,,0.4071926474571228,,,
23,8554,,,,0.282664030790329,,,
23,8559,,,,0.2641574740409851,,,
23,8564,,,,0.35424408316612244,,,
23,8569,,,,0.2871243357658386,,,
23,8574,,,,0.3899080753326416,,,
23,8579,,,,0.2923470437526703,,,
23,8584,,,,0.2249126136302948,,,
23,8589,,,,0.4406313896179199,,,
23,8591,,,,,0.2498115748167038,0.2364676594734192,1.5040268898010254
23,8591,0.7712645530700684,0.7700172066688538,0.3302009105682373,,,,
24,8594,,,,0.3986346125602722,,,
24,8599,,,,0.3277833163738251,,,
24,8604,,,,0.20939764380455017,,,
24,8609,,,,0.3043825328350067,,,
24,8614,,,,0.2882312536239624,,,
24,8619,,,,0.37429365515708923,,,
24,8624,,,,0.2685106694698334,,,
24,8629,,,,0.37740248441696167,,,
24,8634,,,,0.3588944375514984,,,
24,8639,,,,0.25273072719573975,,,
24,8644,,,,0.3627130687236786,,,
24,8649,,,,0.2772509753704071,,,
24,8654,,,,0.38117122650146484,,,
24,8659,,,,0.32304954528808594,,,
24,8664,,,,0.35565584897994995,,,
24,8669,,,,0.4098455309867859,,,
24,8674,,,,0.29758718609809875,,,
24,8679,,,,0.40634092688560486,,,
24,8684,,,,0.21738986670970917,,,
24,8689,,,,0.3030977249145508,,,
24,8694,,,,0.35012397170066833,,,
24,8699,,,,0.32202160358428955,,,
24,8704,,,,0.19497135281562805,,,
24,8709,,,,0.32830023765563965,,,
24,8714,,,,0.27425986528396606,,,
24,8719,,,,0.24700967967510223,,,
24,8724,,,,0.37719568610191345,,,
24,8729,,,,0.33481574058532715,,,
24,8734,,,,0.3677195906639099,,,
24,8739,,,,0.248175710439682,,,
24,8744,,,,0.2865803837776184,,,
24,8749,,,,0.2920589745044708,,,
24,8754,,,,0.2968299388885498,,,
24,8759,,,,0.317354291677475,,,
24,8764,,,,0.39283251762390137,,,
24,8769,,,,0.26568013429641724,,,
24,8774,,,,0.3296956419944763,,,
24,8779,,,,0.3423900306224823,,,
24,8784,,,,0.26820987462997437,,,
24,8789,,,,0.2888619899749756,,,
24,8794,,,,0.3230498135089874,,,
24,8799,,,,0.28257063031196594,,,
24,8804,,,,0.253845751285553,,,
24,8809,,,,0.34877145290374756,,,
24,8814,,,,0.28920528292655945,,,
24,8819,,,,0.2005806267261505,,,
24,8824,,,,0.3421310782432556,,,
24,8829,,,,0.3093690574169159,,,
24,8834,,,,0.21581140160560608,,,
24,8839,,,,0.2814733386039734,,,
24,8844,,,,0.3727150857448578,,,
24,8849,,,,0.26272112131118774,,,
24,8854,,,,0.33613547682762146,,,
24,8859,,,,0.23313859105110168,,,
24,8864,,,,0.2510524094104767,,,
24,8869,,,,0.32209452986717224,,,
24,8874,,,,0.20340460538864136,,,
24,8879,,,,0.32786664366722107,,,
24,8884,,,,0.2526037395000458,,,
24,8889,,,,0.25298425555229187,,,
24,8894,,,,0.2850414514541626,,,
24,8899,,,,0.4084281325340271,,,
24,8904,,,,0.295744389295578,,,
24,8909,,,,0.34052249789237976,,,
24,8914,,,,0.3178159296512604,,,
24,8919,,,,0.3445286452770233,,,
24,8924,,,,0.3948558568954468,,,
24,8929,,,,0.38159486651420593,,,
24,8934,,,,0.4141256511211395,,,
24,8939,,,,0.28213685750961304,,,
24,8944,,,,0.2809765338897705,,,
24,8949,,,,0.4613000750541687,,,
24,8949,,,,,0.2443901002407074,0.2302861511707306,1.5299183130264282
24,8949,0.775749146938324,0.7756922841072083,0.3127785921096802,,,,
25,8954,,,,0.3505547046661377,,,
25,8959,,,,0.2877759337425232,,,
25,8964,,,,0.1966094970703125,,,
25,8969,,,,0.3005131483078003,,,
25,8974,,,,0.24163596332073212,,,
25,8979,,,,0.22357770800590515,,,
25,8984,,,,0.4288591742515564,,,
25,8989,,,,0.26544827222824097,,,
25,8994,,,,0.21734976768493652,,,
25,8999,,,,0.2773282527923584,,,
25,9004,,,,0.3400868773460388,,,
25,9009,,,,0.32530054450035095,,,
25,9014,,,,0.32032299041748047,,,
25,9019,,,,0.3539726138114929,,,
25,9024,,,,0.24233382940292358,,,
25,9029,,,,0.27267026901245117,,,
25,9034,,,,0.3303113579750061,,,
25,9039,,,,0.245029479265213,,,
25,9044,,,,0.2842028737068176,,,
25,9049,,,,0.22315751016139984,,,
25,9054,,,,0.2948305308818817,,,
25,9059,,,,0.28572553396224976,,,
25,9064,,,,0.30205708742141724,,,
25,9069,,,,0.2224739044904709,,,
25,9074,,,,0.3869881331920624,,,
25,9079,,,,0.27774202823638916,,,
25,9084,,,,0.3448528051376343,,,
25,9089,,,,0.3209508955478668,,,
25,9094,,,,0.2963355481624603,,,
25,9099,,,,0.23088864982128143,,,
25,9104,,,,0.38833117485046387,,,
25,9109,,,,0.35545819997787476,,,
25,9114,,,,0.2331223487854004,,,
25,9119,,,,0.294484406709671,,,
25,9124,,,,0.34667104482650757,,,
25,9129,,,,0.2872949242591858,,,
25,9134,,,,0.3284476399421692,,,
25,9139,,,,0.24660132825374603,,,
25,9144,,,,0.33554452657699585,,,
25,9149,,,,0.3281191289424896,,,
25,9154,,,,0.3929773271083832,,,
25,9159,,,,0.2444269061088562,,,
25,9164,,,,0.23480914533138275,,,
25,9169,,,,0.31823664903640747,,,
25,9174,,,,0.30825290083885193,,,
25,9179,,,,0.23723778128623962,,,
25,9184,,,,0.2731764316558838,,,
25,9189,,,,0.24131739139556885,,,
25,9194,,,,0.3189854025840759,,,
25,9199,,,,0.28610968589782715,,,
25,9204,,,,0.3513408601284027,,,
25,9209,,,,0.2815394997596741,,,
25,9214,,,,0.28970959782600403,,,
25,9219,,,,0.3622136116027832,,,
25,9224,,,,0.2552773356437683,,,
25,9229,,,,0.3464379906654358,,,
25,9234,,,,0.32458043098449707,,,
25,9239,,,,0.2920413911342621,,,
25,9244,,,,0.34602710604667664,,,
25,9249,,,,0.3720940053462982,,,
25,9254,,,,0.2913082242012024,,,
25,9259,,,,0.4048551917076111,,,
25,9264,,,,0.3871482014656067,,,
25,9269,,,,0.3247792720794678,,,
25,9274,,,,0.33040183782577515,,,
25,9279,,,,0.208406001329422,,,
25,9284,,,,0.291395902633667,,,
25,9289,,,,0.36068516969680786,,,
25,9294,,,,0.27677345275878906,,,
25,9299,,,,0.3206023573875427,,,
25,9304,,,,0.25016486644744873,,,
25,9307,,,,,0.24996140599250793,0.23500750958919525,1.5287624597549438
25,9307,0.7895075082778931,0.7905704379081726,0.2948291301727295,,,,
26,9309,,,,0.21933019161224365,,,
26,9314,,,,0.3783813416957855,,,
26,9319,,,,0.3156712055206299,,,
26,9324,,,,0.3367433547973633,,,
26,9329,,,,0.18731948733329773,,,
26,9334,,,,0.35821303725242615,,,
26,9339,,,,0.248468279838562,,,
26,9344,,,,0.373319149017334,,,
26,9349,,,,0.2376420497894287,,,
26,9354,,,,0.34104833006858826,,,
26,9359,,,,0.3649381995201111,,,
26,9364,,,,0.3304104506969452,,,
26,9369,,,,0.3167768120765686,,,
26,9374,,,,0.29022616147994995,,,
26,9379,,,,0.22798120975494385,,,
26,9384,,,,0.2461114525794983,,,
26,9389,,,,0.3241008520126343,,,
26,9394,,,,0.3720027804374695,,,
26,9399,,,,0.22475233674049377,,,
26,9404,,,,0.21928219497203827,,,
26,9409,,,,0.33063381910324097,,,
26,9414,,,,0.1596641093492508,,,
26,9419,,,,0.29850277304649353,,,
26,9424,,,,0.2981608510017395,,,
26,9429,,,,0.3379221558570862,,,
26,9434,,,,0.33245718479156494,,,
26,9439,,,,0.2919497489929199,,,
26,9444,,,,0.26370343565940857,,,
26,9449,,,,0.33189472556114197,,,
26,9454,,,,0.2480338215827942,,,
26,9459,,,,0.2560822367668152,,,
26,9464,,,,0.3129199743270874,,,
26,9469,,,,0.29883676767349243,,,
26,9474,,,,0.2525319457054138,,,
26,9479,,,,0.24849900603294373,,,
26,9484,,,,0.1711670160293579,,,
26,9489,,,,0.24731045961380005,,,
26,9494,,,,0.27398067712783813,,,
26,9499,,,,0.2675745487213135,,,
26,9504,,,,0.22917887568473816,,,
26,9509,,,,0.254922479391098,,,
26,9514,,,,0.217128723859787,,,
26,9519,,,,0.28910183906555176,,,
26,9524,,,,0.29832184314727783,,,
26,9529,,,,0.1820305585861206,,,
26,9534,,,,0.1636650115251541,,,
26,9539,,,,0.51805180311203,,,
26,9544,,,,0.24077582359313965,,,
26,9549,,,,0.21587181091308594,,,
26,9554,,,,0.20901374518871307,,,
26,9559,,,,0.3552212715148926,,,
26,9564,,,,0.19298093020915985,,,
26,9569,,,,0.2693326473236084,,,
26,9574,,,,0.21082904934883118,,,
26,9579,,,,0.2744296193122864,,,
26,9584,,,,0.3677099347114563,,,
26,9589,,,,0.2513468265533447,,,
26,9594,,,,0.19058561325073242,,,
26,9599,,,,0.24613046646118164,,,
26,9604,,,,0.41911423206329346,,,
26,9609,,,,0.35226115584373474,,,
26,9614,,,,0.29356345534324646,,,
26,9619,,,,0.34083670377731323,,,
26,9624,,,,0.32804232835769653,,,
26,9629,,,,0.29656094312667847,,,
26,9634,,,,0.29221099615097046,,,
26,9639,,,,0.3061094880104065,,,
26,9644,,,,0.20403724908828735,,,
26,9649,,,,0.26684606075286865,,,
26,9654,,,,0.2959411144256592,,,
26,9659,,,,0.35089418292045593,,,
26,9664,,,,0.26029178500175476,,,
26,9665,,,,,0.24727079272270203,0.23114602267742157,1.5342786312103271
26,9665,0.800611674785614,0.7978315949440002,0.28213316202163696,,,,
27,9669,,,,0.2616442143917084,,,
27,9674,,,,0.2667995095252991,,,
27,9679,,,,0.25570106506347656,,,
27,9684,,,,0.1944243609905243,,,
27,9689,,,,0.2577458620071411,,,
27,9694,,,,0.2824054956436157,,,
27,9699,,,,0.2828177213668823,,,
27,9704,,,,0.32263925671577454,,,
27,9709,,,,0.2682643532752991,,,
27,9714,,,,0.23700742423534393,,,
27,9719,,,,0.2251547873020172,,,
27,9724,,,,0.2906537353992462,,,
27,9729,,,,0.295213520526886,,,
27,9734,,,,0.2679823040962219,,,
27,9739,,,,0.3025394678115845,,,
27,9744,,,,0.2345590442419052,,,
27,9749,,,,0.2264617681503296,,,
27,9754,,,,0.18878988921642303,,,
27,9759,,,,0.2388468235731125,,,
27,9764,,,,0.24049042165279388,,,
27,9769,,,,0.2940777540206909,,,
27,9774,,,,0.3451633155345917,,,
27,9779,,,,0.293104350566864,,,
27,9784,,,,0.31240174174308777,,,
27,9789,,,,0.30750522017478943,,,
27,9794,,,,0.330480694770813,,,
27,9799,,,,0.2576577067375183,,,
27,9804,,,,0.314941942691803,,,
27,9809,,,,0.278417706489563,,,
27,9814,,,,0.31626006960868835,,,
27,9819,,,,0.35704001784324646,,,
27,9824,,,,0.2484649419784546,,,
27,9829,,,,0.29868754744529724,,,
27,9834,,,,0.23825153708457947,,,
27,9839,,,,0.153521329164505,,,
27,9844,,,,0.16466936469078064,,,
27,9849,,,,0.2526155114173889,,,
27,9854,,,,0.21931102871894836,,,
27,9859,,,,0.3232746124267578,,,
27,9864,,,,0.2863858640193939,,,
27,9869,,,,0.30204781889915466,,,
27,9874,,,,0.34653744101524353,,,
27,9879,,,,0.41381368041038513,,,
27,9884,,,,0.28838497400283813,,,
27,9889,,,,0.313507616519928,,,
27,9894,,,,0.2484508454799652,,,
27,9899,,,,0.3281858563423157,,,
27,9904,,,,0.2316887080669403,,,
27,9909,,,,0.31417199969291687,,,
27,9914,,,,0.27122241258621216,,,
27,9919,,,,0.28692537546157837,,,
27,9924,,,,0.34115418791770935,,,
27,9929,,,,0.22482118010520935,,,
27,9934,,,,0.3238867223262787,,,
27,9939,,,,0.33972299098968506,,,
27,9944,,,,0.2587553560733795,,,
27,9949,,,,0.32077455520629883,,,
27,9954,,,,0.3675559163093567,,,
27,9959,,,,0.23334762454032898,,,
27,9964,,,,0.34294456243515015,,,
27,9969,,,,0.21108150482177734,,,
27,9974,,,,0.24528555572032928,,,
27,9979,,,,0.2620883584022522,,,
27,9984,,,,0.27150285243988037,,,
27,9989,,,,0.3387589454650879,,,
27,9994,,,,0.24413827061653137,,,
27,9999,,,,0.32421940565109253,,,
27,10004,,,,0.19831153750419617,,,
27,10009,,,,0.27445682883262634,,,
27,10014,,,,0.304657518863678,,,
27,10019,,,,0.26887717843055725,,,
27,10023,,,,,0.2504149079322815,0.23314909636974335,1.535365343093872
27,10023,0.7972368001937866,0.7974901795387268,0.27839988470077515,,,,
28,10024,,,,0.2449207752943039,,,
28,10029,,,,0.30550968647003174,,,
28,10034,,,,0.2259213626384735,,,
28,10039,,,,0.3026745915412903,,,
28,10044,,,,0.30854493379592896,,,
28,10049,,,,0.269318163394928,,,
28,10054,,,,0.3138872981071472,,,
28,10059,,,,0.2537028193473816,,,
28,10064,,,,0.1792459934949875,,,
28,10069,,,,0.32819700241088867,,,
28,10074,,,,0.2734556496143341,,,
28,10079,,,,0.28159189224243164,,,
28,10084,,,,0.23422247171401978,,,
28,10089,,,,0.279106467962265,,,
28,10094,,,,0.27308422327041626,,,
28,10099,,,,0.2576003670692444,,,
28,10104,,,,0.27059856057167053,,,
28,10109,,,,0.23528215289115906,,,
28,10114,,,,0.33305975794792175,,,
28,10119,,,,0.3152649998664856,,,
28,10124,,,,0.3074467182159424,,,
28,10129,,,,0.30866870284080505,,,
28,10134,,,,0.26649200916290283,,,
28,10139,,,,0.2031290978193283,,,
28,10144,,,,0.19907867908477783,,,
28,10149,,,,0.2612512409687042,,,
28,10154,,,,0.23297569155693054,,,
28,10159,,,,0.21452127397060394,,,
28,10164,,,,0.298567533493042,,,
28,10169,,,,0.19656440615653992,,,
28,10174,,,,0.38263702392578125,,,
28,10179,,,,0.19330820441246033,,,
28,10184,,,,0.23733942210674286,,,
28,10189,,,,0.306628555059433,,,
28,10194,,,,0.271949827671051,,,
28,10199,,,,0.31916356086730957,,,
28,10204,,,,0.23272299766540527,,,
28,10209,,,,0.2814955413341522,,,
28,10214,,,,0.30715280771255493,,,
28,10219,,,,0.29450663924217224,,,
28,10224,,,,0.28182265162467957,,,
28,10229,,,,0.21875184774398804,,,
28,10234,,,,0.23807168006896973,,,
28,10239,,,,0.2352215051651001,,,
28,10244,,,,0.286552369594574,,,
28,10249,,,,0.1966819167137146,,,
28,10254,,,,0.25903892517089844,,,
28,10259,,,,0.22945675253868103,,,
28,10264,,,,0.36044877767562866,,,
28,10269,,,,0.29799020290374756,,,
28,10274,,,,0.25118494033813477,,,
28,10279,,,,0.3187670111656189,,,
28,10284,,,,0.3170236349105835,,,
28,10289,,,,0.28770527243614197,,,
28,10294,,,,0.3309260308742523,,,
28,10299,,,,0.3464849889278412,,,
28,10304,,,,0.2141837328672409,,,
28,10309,,,,0.22068242728710175,,,
28,10314,,,,0.24515728652477264,,,
28,10319,,,,0.30767711997032166,,,
28,10324,,,,0.22653114795684814,,,
28,10329,,,,0.19503521919250488,,,
28,10334,,,,0.26713764667510986,,,
28,10339,,,,0.18998700380325317,,,
28,10344,,,,0.29652687907218933,,,
28,10349,,,,0.2984658181667328,,,
28,10354,,,,0.3762434720993042,,,
28,10359,,,,0.26978427171707153,,,
28,10364,,,,0.16520003974437714,,,
28,10369,,,,0.205976665019989,,,
28,10374,,,,0.2147105634212494,,,
28,10379,,,,0.3387061357498169,,,
28,10381,,,,,0.24866774678230286,0.23211850225925446,1.5339136123657227
28,10381,0.7931725978851318,0.7939643859863281,0.27274054288864136,,,,
29,10384,,,,0.2820183038711548,,,
29,10389,,,,0.3124365210533142,,,
29,10394,,,,0.26182031631469727,,,
29,10399,,,,0.29634901881217957,,,
29,10404,,,,0.27633312344551086,,,
29,10409,,,,0.21016579866409302,,,
29,10414,,,,0.27209705114364624,,,
29,10419,,,,0.21916572749614716,,,
29,10424,,,,0.222182959318161,,,
29,10429,,,,0.33039921522140503,,,
29,10434,,,,0.2761225402355194,,,
29,10439,,,,0.21429046988487244,,,
29,10444,,,,0.22503042221069336,,,
29,10449,,,,0.26289302110671997,,,
29,10454,,,,0.1948663890361786,,,
29,10459,,,,0.21561837196350098,,,
29,10464,,,,0.25171250104904175,,,
29,10469,,,,0.2620333135128021,,,
29,10474,,,,0.3270854353904724,,,
29,10479,,,,0.24706654250621796,,,
29,10484,,,,0.2082318663597107,,,
29,10489,,,,0.21271279454231262,,,
29,10494,,,,0.2854827046394348,,,
29,10499,,,,0.28776463866233826,,,
29,10504,,,,0.22804498672485352,,,
29,10509,,,,0.25816667079925537,,,
29,10514,,,,0.22825244069099426,,,
29,10519,,,,0.19576512277126312,,,
29,10524,,,,0.19152680039405823,,,
29,10529,,,,0.21560940146446228,,,
29,10534,,,,0.25312596559524536,,,
29,10539,,,,0.25491607189178467,,,
29,10544,,,,0.2671232521533966,,,
29,10549,,,,0.21021167933940887,,,
29,10554,,,,0.24049872159957886,,,
29,10559,,,,0.2589820921421051,,,
29,10564,,,,0.28596729040145874,,,
29,10569,,,,0.2655847668647766,,,
29,10574,,,,0.18302521109580994,,,
29,10579,,,,0.21588286757469177,,,
29,10584,,,,0.2884952127933502,,,
29,10589,,,,0.2570643424987793,,,
29,10594,,,,0.20643405616283417,,,
29,10599,,,,0.21781490743160248,,,
29,10604,,,,0.2688061594963074,,,
29,10609,,,,0.25140640139579773,,,
29,10614,,,,0.298841655254364,,,
29,10619,,,,0.21376292407512665,,,
29,10624,,,,0.24434971809387207,,,
29,10629,,,,0.2945137023925781,,,
29,10634,,,,0.21803730726242065,,,
29,10639,,,,0.32893505692481995,,,
29,10644,,,,0.2535564601421356,,,
29,10649,,,,0.41750797629356384,,,
29,10654,,,,0.2969000041484833,,,
29,10659,,,,0.3006165027618408,,,
29,10664,,,,0.19986431300640106,,,
29,10669,,,,0.3321908712387085,,,
29,10674,,,,0.2748057544231415,,,
29,10679,,,,0.29591643810272217,,,
29,10684,,,,0.284160852432251,,,
29,10689,,,,0.30642250180244446,,,
29,10694,,,,0.18561890721321106,,,
29,10699,,,,0.32233864068984985,,,
29,10704,,,,0.2665281593799591,,,
29,10709,,,,0.2689979076385498,,,
29,10714,,,,0.34881794452667236,,,
29,10719,,,,0.3030661940574646,,,
29,10724,,,,0.2451464980840683,,,
29,10729,,,,0.25999367237091064,,,
29,10734,,,,0.2959606349468231,,,
29,10739,,,,0.03736882656812668,,,
29,10739,,,,,0.25363749265670776,0.23638932406902313,1.536242127418518
29,10739,0.8070616126060486,0.8060081601142883,0.2664911150932312,,,,
